step,phase,t_s,x_m,y_m,z_m,vx_ms,vy_ms,vz_ms,fwd_progress_m,lat_offset_m,speed_ms,front_d_m,min_depth_m,prox_alarm,depth_top,depth_mid,depth_bot,tgt_x,tgt_y,tgt_z,collision,near_miss,armed,mode
0,OUTBOUND,0.0,-0.0,0.2,1.576,-36.285,-1.173,-0.853,-0.0,-0.0,36.285,0.418,0.416,1,10.0,0.869,0.273,0.225,0.199,1.489,0,1,0,OFFBOARD
1,OUTBOUND,0.1,-0.0,0.2,1.569,-36.285,-1.173,-0.853,-0.0,-0.0,36.285,0.418,0.416,1,10.0,0.869,0.273,0.377,0.175,1.484,0,1,0,OFFBOARD
2,OUTBOUND,0.2,0.001,0.2,1.562,-36.285,-1.173,-0.853,0.001,-0.0,36.285,0.418,0.416,1,10.0,0.869,0.273,0.482,0.133,1.485,0,1,0,OFFBOARD
3,OUTBOUND,0.31,0.004,0.2,1.554,-36.285,-1.173,-0.853,0.004,-0.0,36.285,0.418,0.416,1,10.0,0.869,0.273,0.582,0.08,1.49,0,1,0,OFFBOARD
4,OUTBOUND,0.41,0.011,0.199,1.547,-36.285,-1.173,-0.853,0.011,-0.001,36.285,0.418,0.416,1,10.0,0.869,0.273,0.682,0.019,1.498,0,1,0,OFFBOARD
5,OUTBOUND,0.51,0.026,0.198,1.54,-36.285,-1.173,-0.853,0.026,-0.002,36.285,0.418,0.416,1,10.0,0.869,0.273,0.782,-0.048,1.509,0,1,0,OFFBOARD
6,OUTBOUND,0.61,0.051,0.195,1.535,-36.285,-1.173,-0.853,0.051,-0.005,36.285,0.418,0.416,1,10.0,0.869,0.273,0.882,-0.119,1.521,0,1,0,OFFBOARD
7,OUTBOUND,0.71,0.086,0.19,1.53,-36.285,-1.173,-0.853,0.086,-0.01,36.285,0.418,0.416,1,10.0,0.869,0.273,0.982,-0.193,1.535,0,1,0,OFFBOARD
8,OUTBOUND,0.81,0.133,0.18,1.526,-36.285,-1.173,-0.853,0.133,-0.02,36.285,0.418,0.416,1,10.0,0.869,0.273,1.082,-0.269,1.549,0,1,0,OFFBOARD
9,OUTBOUND,0.91,0.192,0.166,1.524,-36.285,-1.173,-0.853,0.192,-0.034,36.285,0.418,0.416,1,10.0,0.869,0.273,1.182,-0.347,1.565,0,1,0,OFFBOARD
10,OUTBOUND,1.01,0.261,0.146,1.524,-36.285,-1.173,-0.853,0.261,-0.054,36.285,0.418,0.416,1,10.0,0.869,0.273,1.282,-0.425,1.58,0,1,0,OFFBOARD
11,OUTBOUND,1.12,0.34,0.12,1.525,-36.285,-1.173,-0.853,0.34,-0.08,36.285,0.418,0.416,1,10.0,0.869,0.273,1.382,-0.504,1.596,0,1,0,OFFBOARD
12,OUTBOUND,1.22,0.427,0.086,1.528,-36.285,-1.173,-0.853,0.427,-0.114,36.285,0.418,0.416,1,10.0,0.869,0.273,1.482,-0.583,1.611,0,1,0,OFFBOARD
13,OUTBOUND,1.32,0.519,0.046,1.532,-36.285,-1.173,-0.853,0.519,-0.154,36.285,0.418,0.416,1,10.0,0.869,0.273,1.582,-0.663,1.626,0,1,0,OFFBOARD
14,OUTBOUND,1.42,0.618,-0.001,1.537,-36.285,-1.173,-0.853,0.618,-0.201,36.285,0.418,0.416,1,10.0,0.869,0.273,1.682,-0.743,1.64,0,1,0,OFFBOARD
15,OUTBOUND,1.52,0.719,-0.055,1.544,-36.285,-1.173,-0.853,0.719,-0.254,36.285,0.418,0.416,1,10.0,0.869,0.273,1.782,-0.823,1.654,0,1,0,OFFBOARD
16,OUTBOUND,1.62,0.826,-0.114,1.551,-36.285,-1.173,-0.853,0.825,-0.314,36.285,0.418,0.416,1,10.0,0.869,0.273,1.882,-0.904,1.666,0,1,0,OFFBOARD
17,OUTBOUND,1.72,0.933,-0.179,1.56,-36.285,-1.173,-0.853,0.933,-0.378,36.285,0.418,0.416,1,10.0,0.869,0.273,1.982,-0.984,1.676,0,1,0,OFFBOARD
18,OUTBOUND,1.83,1.044,-0.248,1.569,-36.285,-1.173,-0.853,1.044,-0.448,36.285,0.418,0.416,1,10.0,0.869,0.273,2.082,-1.064,1.686,0,1,0,OFFBOARD
19,OUTBOUND,1.93,1.156,-0.321,1.579,-36.285,-1.173,-0.853,1.156,-0.521,36.285,0.418,0.416,1,10.0,0.869,0.273,2.182,-1.145,1.694,0,1,0,OFFBOARD
20,OUTBOUND,2.03,1.271,-0.399,1.59,-36.285,-1.173,-0.853,1.271,-0.599,36.285,0.418,0.416,1,10.0,0.869,0.273,2.282,-1.225,1.7,0,1,0,OFFBOARD
21,OUTBOUND,2.13,1.385,-0.479,1.6,-36.285,-1.173,-0.853,1.385,-0.679,36.285,0.418,0.416,1,10.0,0.869,0.273,2.382,-1.306,1.705,0,1,0,OFFBOARD
22,OUTBOUND,2.23,1.5,-0.562,1.611,-36.285,-1.173,-0.853,1.5,-0.762,36.285,0.418,0.416,1,10.0,0.869,0.273,2.482,-1.386,1.709,0,1,0,OFFBOARD
23,OUTBOUND,2.33,1.617,-0.648,1.621,-36.285,-1.173,-0.853,1.617,-0.848,36.285,0.418,0.416,1,10.0,0.869,0.273,2.582,-1.467,1.71,0,1,0,OFFBOARD
24,OUTBOUND,2.44,1.733,-0.735,1.631,-36.285,-1.173,-0.853,1.733,-0.935,36.285,0.418,0.416,1,10.0,0.869,0.273,2.682,-1.548,1.711,0,1,0,OFFBOARD
25,OUTBOUND,2.54,1.849,-0.825,1.64,-36.285,-1.173,-0.853,1.849,-1.025,36.285,0.418,0.416,1,10.0,0.869,0.273,2.782,-1.628,1.71,0,1,0,OFFBOARD
26,OUTBOUND,2.64,1.963,-0.915,1.649,-36.285,-1.173,-0.853,1.963,-1.115,36.285,0.418,0.416,1,10.0,0.869,0.273,2.882,-1.709,1.707,0,1,0,OFFBOARD
27,OUTBOUND,2.74,2.076,-1.005,1.657,-36.285,-1.173,-0.853,2.076,-1.205,36.285,0.418,0.416,1,10.0,0.869,0.273,2.982,-1.789,1.704,0,1,0,OFFBOARD
28,OUTBOUND,2.84,2.188,-1.096,1.664,-36.285,-1.173,-0.853,2.188,-1.296,36.285,0.418,0.416,1,10.0,0.869,0.273,3.082,-1.87,1.699,0,1,0,OFFBOARD
29,OUTBOUND,2.94,2.297,-1.187,1.67,-36.285,-1.173,-0.853,2.297,-1.386,36.285,0.418,0.416,1,10.0,0.869,0.273,3.187,-1.95,1.693,0,1,0,OFFBOARD
30,OUTBOUND,3.05,2.399,-1.271,1.675,-36.285,-1.173,-0.853,2.399,-1.471,36.285,0.418,0.416,1,10.0,0.869,0.273,3.329,-2.03,1.687,0,1,0,OFFBOARD
31,OUTBOUND,3.15,2.512,-1.366,1.679,-36.285,-1.173,-0.853,2.512,-1.566,36.285,0.418,0.416,1,10.0,0.869,0.273,3.506,-2.11,1.68,0,1,0,OFFBOARD
32,OUTBOUND,3.25,2.619,-1.456,1.682,-36.285,-1.173,-0.853,2.619,-1.656,36.285,0.418,0.416,1,10.0,0.869,0.273,3.721,-2.189,1.673,0,1,0,OFFBOARD
33,OUTBOUND,3.35,2.725,-1.545,1.684,-36.285,-1.173,-0.853,2.725,-1.745,36.285,0.418,0.416,1,10.0,0.869,0.273,3.965,-2.269,1.665,0,1,0,OFFBOARD
34,OUTBOUND,3.45,2.832,-1.633,1.685,-36.285,-1.173,-0.853,2.831,-1.833,36.285,0.418,0.416,1,10.0,0.869,0.273,4.228,-2.348,1.657,0,1,0,OFFBOARD
35,OUTBOUND,3.55,2.94,-1.72,1.685,-36.285,-1.173,-0.853,2.94,-1.92,36.285,0.418,0.416,1,10.0,0.869,0.273,4.517,-2.427,1.649,0,1,0,OFFBOARD
36,OUTBOUND,3.65,3.052,-1.806,1.684,-36.285,-1.173,-0.853,3.052,-2.006,36.285,0.418,0.416,1,10.0,0.869,0.273,4.818,-2.5,1.642,0,1,0,OFFBOARD
37,OUTBOUND,3.76,3.173,-1.892,1.682,-36.285,-1.173,-0.853,3.173,-2.092,36.285,0.418,0.416,1,10.0,0.869,0.273,5.13,-2.5,1.634,0,1,0,OFFBOARD
38,OUTBOUND,3.86,3.305,-1.977,1.68,-36.285,-1.173,-0.853,3.305,-2.177,36.285,0.418,0.416,1,10.0,0.869,0.273,5.463,-2.5,1.674,0,1,0,OFFBOARD
39,OUTBOUND,3.96,3.447,-2.06,1.677,-36.285,-1.173,-0.853,3.447,-2.259,36.285,0.418,0.416,1,10.0,0.869,0.273,5.818,-2.5,1.714,0,1,0,OFFBOARD
40,OUTBOUND,4.06,3.602,-2.141,1.676,-36.285,-1.173,-0.853,3.602,-2.341,36.285,0.418,0.416,1,10.0,0.869,0.273,6.193,-2.5,1.754,0,1,0,OFFBOARD
41,OUTBOUND,4.16,3.77,-2.219,1.677,-36.285,-1.173,-0.853,3.77,-2.419,36.285,0.418,0.416,1,10.0,0.869,0.273,6.583,-2.5,1.794,0,1,0,OFFBOARD
42,OUTBOUND,4.26,3.913,-2.256,1.679,-36.285,-1.173,-0.853,3.913,-2.456,36.285,0.418,0.416,1,10.0,0.869,0.273,6.982,-2.5,1.833,0,1,0,OFFBOARD
43,OUTBOUND,4.36,4.042,-2.268,1.683,-36.285,-1.173,-0.853,4.042,-2.468,36.285,0.418,0.416,1,10.0,0.869,0.273,7.389,-2.5,1.873,0,1,0,OFFBOARD
44,OUTBOUND,4.46,4.176,-2.273,1.692,-36.285,-1.173,-0.853,4.176,-2.473,36.285,0.418,0.416,1,10.0,0.869,0.273,7.802,-2.5,1.913,0,1,0,OFFBOARD
45,OUTBOUND,4.57,4.315,-2.272,1.704,-36.285,-1.173,-0.853,4.315,-2.472,36.285,0.418,0.416,1,10.0,0.869,0.273,8.22,-2.5,1.953,0,1,0,OFFBOARD
46,OUTBOUND,4.67,4.462,-2.267,1.719,-36.285,-1.173,-0.853,4.462,-2.467,36.285,0.418,0.416,1,10.0,0.869,0.273,8.641,-2.5,1.992,0,1,0,OFFBOARD
47,OUTBOUND,4.77,4.621,-2.257,1.737,-36.285,-1.173,-0.853,4.621,-2.457,36.285,0.418,0.416,1,10.0,0.869,0.273,9.067,-2.5,2.032,0,1,0,OFFBOARD
48,OUTBOUND,4.87,4.716,-2.228,1.752,-36.285,-1.173,-0.853,4.716,-2.428,36.285,0.418,0.416,1,10.0,0.869,0.273,9.495,-2.5,2.072,0,1,0,OFFBOARD
49,OUTBOUND,4.97,4.767,-2.194,1.769,-36.285,-1.173,-0.853,4.767,-2.394,36.285,0.418,0.416,1,10.0,0.869,0.273,9.926,-2.5,2.111,0,1,0,OFFBOARD
50,OUTBOUND,5.07,4.824,-2.172,1.786,-36.285,-1.173,-0.853,4.824,-2.372,36.285,0.418,0.416,1,10.0,0.869,0.273,10.358,-2.5,2.151,0,1,0,OFFBOARD
51,OUTBOUND,5.18,4.883,-2.166,1.803,-36.285,-1.173,-0.853,4.883,-2.366,36.285,0.418,0.416,1,10.0,0.869,0.273,10.792,-2.5,2.19,0,1,0,OFFBOARD
52,OUTBOUND,5.28,4.947,-2.173,1.82,-36.285,-1.173,-0.853,4.947,-2.373,36.285,0.418,0.416,1,10.0,0.869,0.273,11.227,-2.5,2.23,0,1,0,OFFBOARD
53,OUTBOUND,5.38,5.017,-2.198,1.837,-36.285,-1.173,-0.853,5.017,-2.398,36.285,0.418,0.416,1,10.0,0.869,0.273,11.663,-2.5,2.269,0,1,0,OFFBOARD
54,OUTBOUND,5.48,5.086,-2.241,1.85,-36.285,-1.173,-0.853,5.086,-2.441,36.285,0.418,0.416,1,10.0,0.869,0.273,12.102,-2.5,2.307,0,1,0,OFFBOARD
55,OUTBOUND,5.58,5.146,-2.29,1.859,-36.285,-1.173,-0.853,5.146,-2.49,36.285,0.418,0.416,1,10.0,0.869,0.273,12.543,-2.5,2.343,0,1,0,OFFBOARD
56,OUTBOUND,5.68,5.193,-2.306,1.859,-36.285,-1.173,-0.853,5.193,-2.506,36.285,0.418,0.416,1,10.0,0.869,0.273,12.986,-2.5,2.375,0,1,0,OFFBOARD
57,OUTBOUND,5.78,5.228,-2.328,1.857,-36.285,-1.173,-0.853,5.228,-2.528,36.285,0.418,0.416,1,10.0,0.869,0.273,13.43,-2.5,2.406,0,1,0,OFFBOARD
58,OUTBOUND,5.89,5.251,-2.354,1.853,-36.285,-1.173,-0.853,5.251,-2.554,36.285,0.418,0.416,1,10.0,0.869,0.273,13.876,-2.5,2.436,0,1,0,OFFBOARD
59,OUTBOUND,5.99,5.264,-2.361,1.852,-36.285,-1.173,-0.853,5.264,-2.561,36.285,0.418,0.416,1,10.0,0.869,0.273,14.321,-2.5,2.466,0,1,0,OFFBOARD
60,OUTBOUND,6.09,5.264,-2.362,1.853,-36.285,-1.173,-0.853,5.264,-2.562,36.285,0.418,0.416,1,10.0,0.869,0.273,14.766,-2.5,2.496,0,1,0,OFFBOARD
61,OUTBOUND,6.19,5.259,-2.363,1.858,-36.285,-1.173,-0.853,5.259,-2.563,36.285,0.418,0.416,1,10.0,0.869,0.273,15.212,-2.5,2.526,0,1,0,OFFBOARD
62,OUTBOUND,6.29,5.257,-2.359,1.858,-36.285,-1.173,-0.853,5.257,-2.559,36.285,0.418,0.416,1,10.0,0.869,0.273,15.658,-2.5,2.555,0,1,0,OFFBOARD
63,OUTBOUND,6.39,5.256,-2.358,1.858,-36.285,-1.173,-0.853,5.256,-2.558,36.285,0.418,0.416,1,10.0,0.869,0.273,16.104,-2.5,2.582,0,1,0,OFFBOARD
64,OUTBOUND,6.49,5.256,-2.358,1.857,-36.285,-1.173,-0.853,5.256,-2.558,36.285,0.418,0.416,1,10.0,0.869,0.273,16.551,-2.5,2.611,0,1,0,OFFBOARD
65,OUTBOUND,6.59,5.256,-2.36,1.855,-36.285,-1.173,-0.853,5.256,-2.56,36.285,0.418,0.416,1,10.0,0.869,0.273,16.997,-2.5,2.638,0,1,0,OFFBOARD
66,OUTBOUND,6.7,5.256,-2.361,1.853,-36.285,-1.173,-0.853,5.256,-2.561,36.285,0.418,0.416,1,10.0,0.869,0.273,17.443,-2.5,2.663,0,1,0,OFFBOARD
67,OUTBOUND,6.8,5.255,-2.36,1.85,-36.285,-1.173,-0.853,5.255,-2.56,36.285,0.418,0.416,1,10.0,0.869,0.273,17.889,-2.5,2.69,0,1,0,OFFBOARD
68,OUTBOUND,6.9,5.254,-2.36,1.848,-36.285,-1.173,-0.853,5.254,-2.56,36.285,0.418,0.416,1,10.0,0.869,0.273,18.336,-2.5,2.718,0,1,0,OFFBOARD
69,OUTBOUND,7.0,5.253,-2.36,1.845,-36.285,-1.173,-0.853,5.253,-2.56,36.285,0.418,0.416,1,10.0,0.869,0.273,18.782,-2.5,2.747,0,1,0,OFFBOARD
70,OUTBOUND,7.1,5.251,-2.36,1.842,-36.285,-1.173,-0.853,5.251,-2.56,36.285,0.418,0.416,1,10.0,0.869,0.273,19.228,-2.5,2.776,0,1,0,OFFBOARD
71,OUTBOUND,7.2,5.25,-2.36,1.839,-36.285,-1.173,-0.853,5.25,-2.56,36.285,0.418,0.416,1,10.0,0.869,0.273,19.674,-2.5,2.805,0,1,0,OFFBOARD
72,OUTBOUND,7.3,5.249,-2.36,1.837,-36.285,-1.173,-0.853,5.249,-2.56,36.285,0.418,0.416,1,10.0,0.869,0.273,20.119,-2.5,2.836,0,1,0,OFFBOARD
73,OUTBOUND,7.4,5.249,-2.36,1.836,-36.285,-1.173,-0.853,5.249,-2.56,36.285,0.418,0.416,1,10.0,0.869,0.273,20.565,-2.5,2.867,0,1,0,OFFBOARD
74,OUTBOUND,7.51,5.249,-2.36,1.838,-36.285,-1.173,-0.853,5.249,-2.56,36.285,0.418,0.416,1,10.0,0.869,0.273,21.011,-2.5,2.898,0,1,0,OFFBOARD
75,OUTBOUND,7.61,5.249,-2.361,1.838,-36.285,-1.173,-0.853,5.249,-2.561,36.285,0.418,0.416,1,10.0,0.869,0.273,21.456,-2.5,2.931,0,1,0,OFFBOARD
76,OUTBOUND,7.71,5.249,-2.361,1.837,-36.285,-1.173,-0.853,5.249,-2.561,36.285,0.418,0.416,1,10.0,0.869,0.273,21.901,-2.5,2.963,0,1,0,OFFBOARD
77,OUTBOUND,7.81,5.249,-2.361,1.836,-36.285,-1.173,-0.853,5.249,-2.561,36.285,0.418,0.416,1,10.0,0.869,0.273,22.346,-2.5,2.996,0,1,0,OFFBOARD
78,OUTBOUND,7.91,5.249,-2.361,1.836,-36.285,-1.173,-0.853,5.249,-2.561,36.285,0.418,0.416,1,10.0,0.869,0.273,22.791,-2.5,3.029,0,1,0,OFFBOARD
79,OUTBOUND,8.01,5.249,-2.361,1.836,-36.285,-1.173,-0.853,5.249,-2.561,36.285,0.418,0.416,1,10.0,0.869,0.273,23.237,-2.5,3.061,0,1,0,OFFBOARD
80,OUTBOUND,8.11,5.249,-2.361,1.836,-36.285,-1.173,-0.853,5.249,-2.561,36.285,0.418,0.416,1,10.0,0.869,0.273,23.681,-2.5,3.095,0,1,0,OFFBOARD
81,OUTBOUND,8.21,5.249,-2.361,1.836,-36.285,-1.173,-0.853,5.249,-2.561,36.285,0.418,0.416,1,10.0,0.869,0.273,24.126,-2.5,3.128,0,1,0,OFFBOARD
82,OUTBOUND,8.31,5.249,-2.361,1.836,-36.285,-1.173,-0.853,5.249,-2.561,36.285,0.418,0.416,1,10.0,0.869,0.273,24.571,-2.5,3.162,0,1,0,OFFBOARD
83,OUTBOUND,8.42,5.249,-2.361,1.837,-36.285,-1.173,-0.853,5.249,-2.561,36.285,0.418,0.416,1,10.0,0.869,0.273,25.016,-2.5,3.194,0,1,0,OFFBOARD
84,OUTBOUND,8.52,5.249,-2.361,1.837,-36.285,-1.173,-0.853,5.249,-2.561,36.285,0.418,0.416,1,10.0,0.869,0.273,25.462,-2.5,3.228,0,1,0,OFFBOARD
85,OUTBOUND,8.62,5.249,-2.361,1.837,-36.285,-1.173,-0.853,5.249,-2.561,36.285,0.418,0.416,1,10.0,0.869,0.273,25.907,-2.5,3.26,0,1,0,OFFBOARD
86,OUTBOUND,8.72,5.25,-2.361,1.837,-36.285,-1.173,-0.853,5.25,-2.561,36.285,0.418,0.416,1,10.0,0.869,0.273,26.352,-2.5,3.293,0,1,0,OFFBOARD
87,OUTBOUND,8.82,5.25,-2.361,1.838,-36.285,-1.173,-0.853,5.25,-2.561,36.285,0.418,0.416,1,10.0,0.869,0.273,26.798,-2.5,3.326,0,1,0,OFFBOARD
88,OUTBOUND,8.92,5.251,-2.361,1.841,-36.285,-1.173,-0.853,5.251,-2.561,36.285,0.418,0.416,1,10.0,0.869,0.273,27.243,-2.5,3.358,0,1,0,OFFBOARD
89,OUTBOUND,9.02,5.253,-2.361,1.844,-36.285,-1.173,-0.853,5.253,-2.56,36.285,0.418,0.416,1,10.0,0.869,0.273,27.688,-2.5,3.389,0,1,0,OFFBOARD
90,OUTBOUND,9.12,5.255,-2.361,1.848,-36.285,-1.173,-0.853,5.255,-2.561,36.285,0.418,0.416,1,10.0,0.869,0.273,28.134,-2.5,3.421,0,1,0,OFFBOARD
91,OUTBOUND,9.23,5.257,-2.361,1.853,-36.285,-1.173,-0.853,5.257,-2.561,36.285,0.418,0.416,1,10.0,0.869,0.273,28.58,-2.5,3.451,0,1,0,OFFBOARD
92,OUTBOUND,9.33,5.259,-2.361,1.858,-36.285,-1.173,-0.853,5.259,-2.561,36.285,0.418,0.416,1,10.0,0.869,0.273,29.026,-2.5,3.481,0,1,0,OFFBOARD
93,OUTBOUND,9.43,5.261,-2.362,1.864,-36.285,-1.173,-0.853,5.261,-2.562,36.285,0.418,0.416,1,10.0,0.869,0.273,29.472,-2.5,3.51,0,1,0,OFFBOARD
94,OUTBOUND,9.53,5.263,-2.363,1.869,-36.285,-1.173,-0.853,5.263,-2.563,36.285,0.418,0.416,1,10.0,0.869,0.273,29.919,-2.5,3.538,0,1,0,OFFBOARD
95,OUTBOUND,9.63,5.265,-2.363,1.874,-36.285,-1.173,-0.853,5.265,-2.563,36.285,0.418,0.416,1,10.0,0.869,0.273,30.366,-2.5,3.565,0,1,0,OFFBOARD
96,OUTBOUND,9.73,5.266,-2.364,1.879,-36.285,-1.173,-0.853,5.266,-2.564,36.285,0.418,0.416,1,10.0,0.869,0.273,30.813,-2.5,3.592,0,1,0,OFFBOARD
97,OUTBOUND,9.83,5.268,-2.366,1.884,-36.285,-1.173,-0.853,5.268,-2.565,36.285,0.418,0.416,1,10.0,0.869,0.273,31.26,-2.5,3.615,0,1,0,OFFBOARD
98,OUTBOUND,9.93,5.269,-2.367,1.888,-36.285,-1.173,-0.853,5.269,-2.567,36.285,0.418,0.416,1,10.0,0.869,0.273,31.707,-2.5,3.635,0,1,0,OFFBOARD
99,OUTBOUND,10.03,5.27,-2.368,1.893,-36.285,-1.173,-0.853,5.27,-2.568,36.285,0.418,0.416,1,10.0,0.869,0.273,32.155,-2.5,3.652,0,1,0,OFFBOARD
100,OUTBOUND,10.14,5.271,-2.369,1.897,-36.285,-1.173,-0.853,5.271,-2.569,36.285,0.418,0.416,1,10.0,0.869,0.273,32.603,-2.5,3.666,0,1,0,OFFBOARD
101,OUTBOUND,10.24,5.271,-2.369,1.899,-36.285,-1.173,-0.853,5.271,-2.569,36.285,0.418,0.416,1,10.0,0.869,0.273,33.051,-2.5,3.676,0,1,0,OFFBOARD
102,OUTBOUND,10.34,5.271,-2.368,1.9,-36.285,-1.173,-0.853,5.271,-2.568,36.285,0.418,0.416,1,10.0,0.869,0.273,33.499,-2.5,3.684,0,1,0,OFFBOARD
103,OUTBOUND,10.44,5.271,-2.369,1.9,-36.285,-1.173,-0.853,5.271,-2.569,36.285,0.418,0.416,1,10.0,0.869,0.273,33.947,-2.5,3.691,0,1,0,OFFBOARD
104,OUTBOUND,10.54,5.271,-2.369,1.899,-36.285,-1.173,-0.853,5.271,-2.569,36.285,0.418,0.416,1,10.0,0.869,0.273,34.395,-2.5,3.696,0,1,0,OFFBOARD
105,OUTBOUND,10.64,5.271,-2.369,1.897,-36.285,-1.173,-0.853,5.271,-2.569,36.285,0.418,0.416,1,10.0,0.869,0.273,34.844,-2.5,3.702,0,1,0,OFFBOARD
106,OUTBOUND,10.74,5.271,-2.369,1.897,-36.285,-1.173,-0.853,5.271,-2.569,36.285,0.418,0.416,1,10.0,0.869,0.273,35.292,-2.5,3.709,0,1,0,OFFBOARD
107,OUTBOUND,10.84,5.271,-2.369,1.898,-36.285,-1.173,-0.853,5.271,-2.569,36.285,0.418,0.416,1,10.0,0.869,0.273,35.74,-2.5,3.715,0,1,0,OFFBOARD
108,OUTBOUND,10.94,5.271,-2.369,1.898,-36.285,-1.173,-0.853,5.271,-2.569,36.285,0.418,0.416,1,10.0,0.869,0.273,36.188,-2.5,3.721,0,1,0,OFFBOARD
109,OUTBOUND,11.05,5.271,-2.37,1.898,-36.285,-1.173,-0.853,5.271,-2.569,36.285,0.418,0.416,1,10.0,0.869,0.273,36.636,-2.5,3.724,0,1,0,OFFBOARD
110,OUTBOUND,11.15,5.271,-2.37,1.898,-36.285,-1.173,-0.853,5.271,-2.57,36.285,0.418,0.416,1,10.0,0.869,0.273,37.085,-2.5,3.728,0,1,0,OFFBOARD
111,OUTBOUND,11.25,5.271,-2.37,1.898,-36.285,-1.173,-0.853,5.271,-2.57,36.285,0.418,0.416,1,10.0,0.869,0.273,37.533,-2.5,3.733,0,1,0,OFFBOARD
112,OUTBOUND,11.35,5.271,-2.37,1.898,-36.285,-1.173,-0.853,5.271,-2.57,36.285,0.418,0.416,1,10.0,0.869,0.273,37.981,-2.5,3.739,0,1,0,OFFBOARD
113,OUTBOUND,11.45,5.272,-2.37,1.898,-36.285,-1.173,-0.853,5.272,-2.57,36.285,0.418,0.416,1,10.0,0.869,0.273,38.429,-2.5,3.745,0,1,0,OFFBOARD
114,OUTBOUND,11.55,5.272,-2.37,1.899,-36.285,-1.173,-0.853,5.272,-2.57,36.285,0.418,0.416,1,10.0,0.869,0.273,38.878,-2.5,3.752,0,1,0,OFFBOARD
115,OUTBOUND,11.65,5.272,-2.37,1.899,-36.285,-1.173,-0.853,5.272,-2.57,36.285,0.418,0.416,1,10.0,0.869,0.273,39.326,-2.5,3.758,0,1,0,OFFBOARD
116,OUTBOUND,11.75,5.272,-2.37,1.899,-36.285,-1.173,-0.853,5.272,-2.57,36.285,0.418,0.416,1,10.0,0.869,0.273,39.774,-2.5,3.763,0,1,0,OFFBOARD
117,OUTBOUND,11.85,5.272,-2.37,1.899,-36.285,-1.173,-0.853,5.272,-2.57,36.285,0.418,0.416,1,10.0,0.869,0.273,40.222,-2.5,3.769,0,1,0,OFFBOARD
118,OUTBOUND,11.95,5.272,-2.37,1.899,-36.285,-1.173,-0.853,5.272,-2.57,36.285,0.418,0.416,1,10.0,0.869,0.273,40.671,-2.5,3.775,0,1,0,OFFBOARD
119,OUTBOUND,12.06,5.272,-2.37,1.899,-36.285,-1.173,-0.853,5.272,-2.57,36.285,0.418,0.416,1,10.0,0.869,0.273,41.119,-2.5,3.782,0,1,0,OFFBOARD
120,OUTBOUND,12.16,5.272,-2.37,1.9,-36.285,-1.173,-0.853,5.272,-2.57,36.285,0.418,0.416,1,10.0,0.869,0.273,41.567,-2.5,3.791,0,1,0,OFFBOARD
121,OUTBOUND,12.26,5.272,-2.371,1.9,-36.285,-1.173,-0.853,5.272,-2.57,36.285,0.418,0.416,1,10.0,0.869,0.273,42.015,-2.5,3.794,0,1,0,OFFBOARD
122,OUTBOUND,12.36,5.272,-2.371,1.9,-36.285,-1.173,-0.853,5.272,-2.571,36.285,0.418,0.416,1,10.0,0.869,0.273,42.463,-2.5,3.798,0,1,0,OFFBOARD
123,OUTBOUND,12.46,5.272,-2.371,1.9,-36.285,-1.173,-0.853,5.272,-2.571,36.285,0.418,0.416,1,10.0,0.869,0.273,42.912,-2.5,3.801,0,1,0,OFFBOARD
124,OUTBOUND,12.56,5.272,-2.371,1.9,-36.285,-1.173,-0.853,5.272,-2.571,36.285,0.418,0.416,1,10.0,0.869,0.273,43.36,-2.5,3.805,0,1,0,OFFBOARD
125,OUTBOUND,12.66,5.272,-2.371,1.901,-36.285,-1.173,-0.853,5.272,-2.571,36.285,0.418,0.416,1,10.0,0.869,0.273,43.808,-2.5,3.808,0,1,0,OFFBOARD
126,OUTBOUND,12.76,5.272,-2.371,1.901,-36.285,-1.173,-0.853,5.272,-2.571,36.285,0.418,0.416,1,10.0,0.869,0.273,44.256,-2.5,3.811,0,1,0,OFFBOARD
127,OUTBOUND,12.87,5.273,-2.371,1.901,-36.285,-1.173,-0.853,5.272,-2.571,36.285,0.418,0.416,1,10.0,0.869,0.273,44.705,-2.5,3.815,0,1,0,OFFBOARD
128,OUTBOUND,12.97,5.273,-2.371,1.901,-36.285,-1.173,-0.853,5.273,-2.571,36.285,0.418,0.416,1,10.0,0.869,0.273,45.153,-2.5,3.818,0,1,0,OFFBOARD
129,OUTBOUND,13.07,5.273,-2.371,1.902,-36.285,-1.173,-0.853,5.273,-2.571,36.285,0.418,0.416,1,10.0,0.869,0.273,45.601,-2.5,3.823,0,1,0,OFFBOARD
130,OUTBOUND,13.17,5.273,-2.372,1.902,-36.285,-1.173,-0.853,5.273,-2.572,36.285,0.418,0.416,1,10.0,0.869,0.273,46.049,-2.5,3.827,0,1,0,OFFBOARD
131,OUTBOUND,13.27,5.273,-2.372,1.902,-36.285,-1.173,-0.853,5.273,-2.572,36.285,0.418,0.416,1,10.0,0.869,0.273,46.498,-2.5,3.831,0,1,0,OFFBOARD
132,OUTBOUND,13.37,5.273,-2.372,1.902,-36.285,-1.173,-0.853,5.273,-2.572,36.285,0.418,0.416,1,10.0,0.869,0.273,46.946,-2.5,3.834,0,1,0,OFFBOARD
133,OUTBOUND,13.47,5.273,-2.372,1.903,-36.285,-1.173,-0.853,5.273,-2.572,36.285,0.418,0.416,1,10.0,0.869,0.273,47.394,-2.5,3.835,0,1,0,OFFBOARD
134,OUTBOUND,13.57,5.273,-2.372,1.903,-36.285,-1.173,-0.853,5.273,-2.572,36.285,0.418,0.416,1,10.0,0.869,0.273,47.843,-2.5,3.836,0,1,0,OFFBOARD
135,OUTBOUND,13.67,5.273,-2.372,1.903,-36.285,-1.173,-0.853,5.273,-2.572,36.285,0.418,0.416,1,10.0,0.869,0.273,48.291,-2.5,3.838,0,1,0,OFFBOARD
136,OUTBOUND,13.78,5.273,-2.372,1.903,-36.285,-1.173,-0.853,5.273,-2.572,36.285,0.418,0.416,1,10.0,0.869,0.273,48.739,-2.5,3.842,0,1,0,OFFBOARD
137,OUTBOUND,13.88,5.273,-2.373,1.903,-36.285,-1.173,-0.853,5.273,-2.572,36.285,0.418,0.416,1,10.0,0.869,0.273,49.188,-2.5,3.844,0,1,0,OFFBOARD
138,OUTBOUND,13.98,5.273,-2.373,1.904,-36.285,-1.173,-0.853,5.273,-2.573,36.285,0.418,0.416,1,10.0,0.869,0.273,49.636,-2.5,3.844,0,1,0,OFFBOARD
139,OUTBOUND,14.08,5.272,-2.373,1.904,-36.285,-1.173,-0.853,5.272,-2.573,36.285,0.418,0.416,1,10.0,0.869,0.273,50.084,-2.5,3.845,0,1,0,OFFBOARD
140,OUTBOUND,14.18,5.272,-2.373,1.904,-36.285,-1.173,-0.853,5.272,-2.573,36.285,0.418,0.416,1,10.0,0.869,0.273,50.533,-2.5,3.846,0,1,0,OFFBOARD
141,OUTBOUND,14.28,5.272,-2.373,1.905,-36.285,-1.173,-0.853,5.272,-2.573,36.285,0.418,0.416,1,10.0,0.869,0.273,50.981,-2.5,3.847,0,1,0,OFFBOARD
142,OUTBOUND,14.38,5.272,-2.374,1.905,-36.285,-1.173,-0.853,5.272,-2.573,36.285,0.418,0.416,1,10.0,0.869,0.273,51.429,-2.5,3.848,0,1,0,OFFBOARD
143,OUTBOUND,14.48,5.272,-2.374,1.905,-36.285,-1.173,-0.853,5.272,-2.574,36.285,0.418,0.416,1,10.0,0.869,0.273,51.878,-2.5,3.851,0,1,0,OFFBOARD
144,OUTBOUND,14.58,5.272,-2.374,1.905,-36.285,-1.173,-0.853,5.272,-2.574,36.285,0.418,0.416,1,10.0,0.869,0.273,52.326,-2.5,3.85,0,1,0,OFFBOARD
145,OUTBOUND,14.69,5.272,-2.374,1.906,-36.285,-1.173,-0.853,5.272,-2.574,36.285,0.418,0.416,1,10.0,0.869,0.273,52.774,-2.5,3.851,0,1,0,OFFBOARD
146,OUTBOUND,14.79,5.272,-2.374,1.906,-36.285,-1.173,-0.853,5.272,-2.574,36.285,0.418,0.416,1,10.0,0.869,0.273,53.223,-2.5,3.852,0,1,0,OFFBOARD
147,OUTBOUND,14.89,5.272,-2.375,1.906,-36.285,-1.173,-0.853,5.272,-2.574,36.285,0.418,0.416,1,10.0,0.869,0.273,53.671,-2.5,3.85,0,1,0,OFFBOARD
148,OUTBOUND,14.99,5.272,-2.375,1.906,-36.285,-1.173,-0.853,5.272,-2.575,36.285,0.418,0.416,1,10.0,0.869,0.273,54.119,-2.5,3.849,0,1,0,OFFBOARD
149,OUTBOUND,15.09,5.272,-2.375,1.907,-36.285,-1.173,-0.853,5.272,-2.575,36.285,0.418,0.416,1,10.0,0.869,0.273,54.567,-2.5,3.85,0,1,0,OFFBOARD
150,OUTBOUND,15.19,5.272,-2.375,1.907,-36.285,-1.173,-0.853,5.272,-2.575,36.285,0.418,0.416,1,10.0,0.869,0.273,55.016,-2.5,3.848,0,1,0,OFFBOARD
151,OUTBOUND,15.29,5.272,-2.375,1.907,-36.285,-1.173,-0.853,5.272,-2.575,36.285,0.418,0.416,1,10.0,0.869,0.273,55.464,-2.5,3.848,0,1,0,OFFBOARD
152,OUTBOUND,15.39,5.272,-2.375,1.908,-36.285,-1.173,-0.853,5.271,-2.575,36.285,0.418,0.416,1,10.0,0.869,0.273,55.913,-2.5,3.846,0,1,0,OFFBOARD
153,OUTBOUND,15.5,5.271,-2.376,1.908,-36.285,-1.173,-0.853,5.271,-2.576,36.285,0.418,0.416,1,10.0,0.869,0.273,56.361,-2.5,3.844,0,1,0,OFFBOARD
154,OUTBOUND,15.6,5.271,-2.376,1.908,-36.285,-1.173,-0.853,5.271,-2.576,36.285,0.418,0.416,1,10.0,0.869,0.273,56.809,-2.5,3.842,0,1,0,OFFBOARD
155,OUTBOUND,15.7,5.271,-2.376,1.908,-36.285,-1.173,-0.853,5.271,-2.576,36.285,0.418,0.416,1,10.0,0.869,0.273,57.258,-2.5,3.84,0,1,0,OFFBOARD
156,OUTBOUND,15.8,5.271,-2.376,1.909,-36.285,-1.173,-0.853,5.271,-2.576,36.285,0.418,0.416,1,10.0,0.869,0.273,57.706,-2.5,3.837,0,1,0,OFFBOARD
157,OUTBOUND,15.9,5.271,-2.377,1.909,-36.285,-1.173,-0.853,5.271,-2.577,36.285,0.418,0.416,1,10.0,0.869,0.273,58.155,-2.5,3.835,0,1,0,OFFBOARD
158,OUTBOUND,16.0,5.271,-2.377,1.909,-36.285,-1.173,-0.853,5.271,-2.577,36.285,0.418,0.416,1,10.0,0.869,0.273,58.603,-2.5,3.833,0,1,0,OFFBOARD
159,OUTBOUND,16.1,5.271,-2.377,1.909,-36.285,-1.173,-0.853,5.271,-2.577,36.285,0.418,0.416,1,10.0,0.869,0.273,59.052,-2.5,3.832,0,1,0,OFFBOARD
160,OUTBOUND,16.2,5.271,-2.377,1.91,-36.285,-1.173,-0.853,5.271,-2.577,36.285,0.418,0.416,1,10.0,0.869,0.273,59.5,-2.5,3.831,0,1,0,OFFBOARD
161,OUTBOUND,16.31,5.271,-2.378,1.91,-36.285,-1.173,-0.853,5.271,-2.578,36.285,0.418,0.416,1,10.0,0.869,0.273,59.948,-2.5,3.827,0,1,0,OFFBOARD
162,OUTBOUND,16.41,5.271,-2.378,1.91,-36.285,-1.173,-0.853,5.271,-2.578,36.285,0.418,0.416,1,10.0,0.869,0.273,60.397,-2.5,3.821,0,1,0,OFFBOARD
163,OUTBOUND,16.51,5.271,-2.378,1.91,-36.285,-1.173,-0.853,5.271,-2.578,36.285,0.418,0.416,1,10.0,0.869,0.273,60.845,-2.5,3.815,0,1,0,OFFBOARD
164,OUTBOUND,16.61,5.27,-2.378,1.91,-36.285,-1.173,-0.853,5.27,-2.578,36.285,0.418,0.416,1,10.0,0.869,0.273,61.293,-2.5,3.807,0,1,0,OFFBOARD
165,OUTBOUND,16.71,5.27,-2.379,1.911,-36.285,-1.173,-0.853,5.27,-2.579,36.285,0.418,0.416,1,10.0,0.869,0.273,61.742,-2.5,3.8,0,1,0,OFFBOARD
166,OUTBOUND,16.81,5.27,-2.379,1.911,-36.285,-1.173,-0.853,5.27,-2.579,36.285,0.418,0.416,1,10.0,0.869,0.273,62.19,-2.5,3.793,0,1,0,OFFBOARD
167,OUTBOUND,16.91,5.27,-2.379,1.911,-36.285,-1.173,-0.853,5.27,-2.579,36.285,0.418,0.416,1,10.0,0.869,0.273,62.638,-2.5,3.787,0,1,0,OFFBOARD
168,OUTBOUND,17.01,5.27,-2.379,1.911,-36.285,-1.173,-0.853,5.27,-2.579,36.285,0.418,0.416,1,10.0,0.869,0.273,63.087,-2.5,3.782,0,1,0,OFFBOARD
169,OUTBOUND,17.11,5.27,-2.38,1.912,-36.285,-1.173,-0.853,5.27,-2.58,36.285,0.418,0.416,1,10.0,0.869,0.273,63.535,-2.5,3.776,0,1,0,OFFBOARD
170,OUTBOUND,17.21,5.27,-2.38,1.912,-36.285,-1.173,-0.853,5.27,-2.58,36.285,0.418,0.416,1,10.0,0.869,0.273,63.983,-2.5,3.772,0,1,0,OFFBOARD
171,OUTBOUND,17.32,5.27,-2.38,1.912,-36.285,-1.173,-0.853,5.27,-2.58,36.285,0.418,0.416,1,10.0,0.869,0.273,64.432,-2.5,3.768,0,1,0,OFFBOARD
172,OUTBOUND,17.42,5.27,-2.38,1.912,-36.285,-1.173,-0.853,5.27,-2.58,36.285,0.418,0.416,1,10.0,0.869,0.273,64.88,-2.5,3.764,0,1,0,OFFBOARD
173,OUTBOUND,17.52,5.27,-2.381,1.913,-36.285,-1.173,-0.853,5.27,-2.581,36.285,0.418,0.416,1,10.0,0.869,0.273,65.329,-2.5,3.76,0,1,0,OFFBOARD
174,OUTBOUND,17.62,5.269,-2.381,1.913,-36.285,-1.173,-0.853,5.269,-2.581,36.285,0.418,0.416,1,10.0,0.869,0.273,65.777,-2.5,3.756,0,1,0,OFFBOARD
175,OUTBOUND,17.72,5.269,-2.381,1.913,-36.285,-1.173,-0.853,5.269,-2.581,36.285,0.418,0.416,1,10.0,0.869,0.273,66.226,-2.5,3.755,0,1,0,OFFBOARD
176,OUTBOUND,17.82,5.269,-2.382,1.913,-36.285,-1.173,-0.853,5.269,-2.582,36.285,0.418,0.416,1,10.0,0.869,0.273,66.674,-2.5,3.75,0,1,0,OFFBOARD
177,OUTBOUND,17.92,5.269,-2.382,1.914,-36.285,-1.173,-0.853,5.269,-2.582,36.285,0.418,0.416,1,10.0,0.869,0.273,67.122,-2.5,3.747,0,1,0,OFFBOARD
178,OUTBOUND,18.02,5.269,-2.382,1.914,-36.285,-1.173,-0.853,5.269,-2.582,36.285,0.418,0.416,1,10.0,0.869,0.273,67.571,-2.5,3.741,0,1,0,OFFBOARD
179,OUTBOUND,18.13,5.269,-2.383,1.914,-36.285,-1.173,-0.853,5.269,-2.582,36.285,0.418,0.416,1,10.0,0.869,0.273,68.019,-2.5,3.738,0,1,0,OFFBOARD
180,OUTBOUND,18.23,5.269,-2.383,1.914,-36.285,-1.173,-0.853,5.269,-2.583,36.285,0.418,0.416,1,10.0,0.869,0.273,68.468,-2.5,3.735,0,1,0,OFFBOARD
181,OUTBOUND,18.33,5.269,-2.383,1.915,-36.285,-1.173,-0.853,5.269,-2.583,36.285,0.418,0.416,1,10.0,0.869,0.273,68.916,-2.5,3.731,0,1,0,OFFBOARD
182,OUTBOUND,18.43,5.269,-2.383,1.915,-36.285,-1.173,-0.853,5.269,-2.583,36.285,0.418,0.416,1,10.0,0.869,0.273,69.365,-2.5,3.727,0,1,0,OFFBOARD
183,OUTBOUND,18.53,5.268,-2.384,1.915,-36.285,-1.173,-0.853,5.268,-2.584,36.285,0.418,0.416,1,10.0,0.869,0.273,69.813,-2.5,3.721,0,1,0,OFFBOARD
184,OUTBOUND,18.63,5.268,-2.384,1.915,-36.285,-1.173,-0.853,5.268,-2.584,36.285,0.418,0.416,1,10.0,0.869,0.273,70.262,-2.5,3.714,0,1,0,OFFBOARD
185,OUTBOUND,18.73,5.268,-2.384,1.916,-36.285,-1.173,-0.853,5.268,-2.584,36.285,0.418,0.416,1,10.0,0.869,0.273,70.711,-2.5,3.707,0,1,0,OFFBOARD
186,OUTBOUND,18.83,5.268,-2.384,1.916,-36.285,-1.173,-0.853,5.268,-2.584,36.285,0.418,0.416,1,10.0,0.869,0.273,71.159,-2.5,3.697,0,1,0,OFFBOARD
187,OUTBOUND,18.93,5.268,-2.384,1.915,-36.285,-1.173,-0.853,5.268,-2.584,36.285,0.418,0.416,1,10.0,0.869,0.273,71.608,-2.5,3.689,0,1,0,OFFBOARD
188,OUTBOUND,19.04,5.268,-2.384,1.915,-36.285,-1.173,-0.853,5.268,-2.584,36.285,0.418,0.416,1,10.0,0.869,0.273,72.056,-2.5,3.682,0,1,0,OFFBOARD
189,OUTBOUND,19.14,5.268,-2.384,1.915,-36.285,-1.173,-0.853,5.268,-2.584,36.285,0.418,0.416,1,10.0,0.869,0.273,72.505,-2.5,3.674,0,1,0,OFFBOARD
190,OUTBOUND,19.24,5.268,-2.384,1.915,-36.285,-1.173,-0.853,5.268,-2.584,36.285,0.418,0.416,1,10.0,0.869,0.273,72.953,-2.5,3.669,0,1,0,OFFBOARD
191,OUTBOUND,19.34,5.268,-2.384,1.915,-36.285,-1.173,-0.853,5.268,-2.584,36.285,0.418,0.416,1,10.0,0.869,0.273,73.402,-2.5,3.663,0,1,0,OFFBOARD
192,OUTBOUND,19.44,5.268,-2.384,1.914,-36.285,-1.173,-0.853,5.268,-2.584,36.285,0.418,0.416,1,10.0,0.869,0.273,73.85,-2.5,3.656,0,1,0,OFFBOARD
193,OUTBOUND,19.54,5.267,-2.384,1.914,-36.285,-1.173,-0.853,5.267,-2.584,36.285,0.418,0.416,1,10.0,0.869,0.273,74.299,-2.5,3.648,0,1,0,OFFBOARD
194,OUTBOUND,19.64,5.267,-2.384,1.914,-36.285,-1.173,-0.853,5.267,-2.584,36.285,0.418,0.416,1,10.0,0.869,0.273,74.747,-2.5,3.641,0,1,0,OFFBOARD
195,OUTBOUND,19.74,5.267,-2.384,1.914,-36.285,-1.173,-0.853,5.267,-2.584,36.285,0.418,0.416,1,10.0,0.869,0.273,75.195,-2.5,3.634,0,1,0,OFFBOARD
196,OUTBOUND,19.84,5.267,-2.384,1.913,-36.285,-1.173,-0.853,5.267,-2.584,36.285,0.418,0.416,1,10.0,0.869,0.273,75.644,-2.5,3.629,0,1,0,OFFBOARD
197,OUTBOUND,19.95,5.267,-2.384,1.913,-36.285,-1.173,-0.853,5.267,-2.584,36.285,0.418,0.416,1,10.0,0.869,0.273,76.092,-2.5,3.625,0,1,0,OFFBOARD
198,OUTBOUND,20.05,5.267,-2.384,1.913,-36.285,-1.173,-0.853,5.267,-2.584,36.285,0.418,0.416,1,10.0,0.869,0.273,76.54,-2.5,3.619,0,1,0,OFFBOARD
199,OUTBOUND,20.15,5.267,-2.384,1.913,-36.285,-1.173,-0.853,5.267,-2.584,36.285,0.418,0.416,1,10.0,0.869,0.273,76.989,-2.5,3.614,0,1,0,OFFBOARD
200,OUTBOUND,20.25,5.267,-2.384,1.912,-36.285,-1.173,-0.853,5.267,-2.584,36.285,0.418,0.416,1,10.0,0.869,0.273,77.437,-2.5,3.608,0,1,0,OFFBOARD
201,OUTBOUND,20.35,5.266,-2.384,1.912,-36.285,-1.173,-0.853,5.266,-2.584,36.285,0.418,0.416,1,10.0,0.869,0.273,77.886,-2.5,3.602,0,1,0,OFFBOARD
202,OUTBOUND,20.45,5.266,-2.384,1.912,-36.285,-1.173,-0.853,5.266,-2.584,36.285,0.418,0.416,1,10.0,0.869,0.273,78.334,-2.5,3.599,0,1,0,OFFBOARD
203,OUTBOUND,20.55,5.266,-2.384,1.912,-36.285,-1.173,-0.853,5.266,-2.584,36.285,0.418,0.416,1,10.0,0.869,0.273,78.783,-2.5,3.595,0,1,0,OFFBOARD
204,OUTBOUND,20.65,5.266,-2.384,1.912,-36.285,-1.173,-0.853,5.266,-2.584,36.285,0.418,0.416,1,10.0,0.869,0.273,79.231,-2.5,3.59,0,1,0,OFFBOARD
205,OUTBOUND,20.75,5.266,-2.384,1.911,-36.285,-1.173,-0.853,5.266,-2.584,36.285,0.418,0.416,1,10.0,0.869,0.273,79.68,-2.5,3.585,0,1,0,OFFBOARD
206,OUTBOUND,20.86,5.266,-2.384,1.911,-36.285,-1.173,-0.853,5.266,-2.584,36.285,0.418,0.416,1,10.0,0.869,0.273,80.128,-2.5,3.579,0,1,0,OFFBOARD
207,OUTBOUND,20.96,5.266,-2.384,1.911,-36.285,-1.173,-0.853,5.266,-2.584,36.285,0.418,0.416,1,10.0,0.869,0.273,80.576,-2.5,3.576,0,1,0,OFFBOARD
208,OUTBOUND,21.06,5.266,-2.384,1.911,-36.285,-1.173,-0.853,5.266,-2.584,36.285,0.418,0.416,1,10.0,0.869,0.273,81.025,-2.5,3.574,0,1,0,OFFBOARD
209,OUTBOUND,21.16,5.265,-2.384,1.91,-36.285,-1.173,-0.853,5.265,-2.584,36.285,0.418,0.416,1,10.0,0.869,0.273,81.473,-2.5,3.573,0,1,0,OFFBOARD
210,OUTBOUND,21.26,5.265,-2.384,1.91,-36.285,-1.173,-0.853,5.265,-2.584,36.285,0.418,0.416,1,10.0,0.869,0.273,81.921,-2.5,3.575,0,1,0,OFFBOARD
211,OUTBOUND,21.36,5.265,-2.385,1.91,-36.285,-1.173,-0.853,5.265,-2.584,36.285,0.418,0.416,1,10.0,0.869,0.273,82.37,-2.5,3.577,0,1,0,OFFBOARD
212,OUTBOUND,21.46,5.265,-2.384,1.91,-36.285,-1.173,-0.853,5.265,-2.584,36.285,0.418,0.416,1,10.0,0.869,0.273,82.818,-2.5,3.575,0,1,0,OFFBOARD
213,OUTBOUND,21.56,5.265,-2.385,1.91,-36.285,-1.173,-0.853,5.265,-2.584,36.285,0.418,0.416,1,10.0,0.869,0.273,83.266,-2.5,3.57,0,1,0,OFFBOARD
214,OUTBOUND,21.67,5.265,-2.385,1.909,-36.285,-1.173,-0.853,5.265,-2.584,36.285,0.418,0.416,1,10.0,0.869,0.273,83.715,-2.5,3.566,0,1,0,OFFBOARD
215,OUTBOUND,21.77,5.265,-2.385,1.909,-36.285,-1.173,-0.853,5.265,-2.584,36.285,0.418,0.416,1,10.0,0.869,0.273,84.163,-2.5,3.563,0,1,0,OFFBOARD
216,OUTBOUND,21.87,5.265,-2.385,1.909,-36.285,-1.173,-0.853,5.265,-2.584,36.285,0.418,0.416,1,10.0,0.869,0.273,84.612,-2.5,3.56,0,1,0,OFFBOARD
217,OUTBOUND,21.97,5.264,-2.385,1.909,-36.285,-1.173,-0.853,5.264,-2.584,36.285,0.418,0.416,1,10.0,0.869,0.273,85.06,-2.5,3.557,0,1,0,OFFBOARD
218,OUTBOUND,22.07,5.264,-2.385,1.908,-36.285,-1.173,-0.853,5.264,-2.584,36.285,0.418,0.416,1,10.0,0.869,0.273,85.509,-2.5,3.552,0,1,0,OFFBOARD
219,OUTBOUND,22.17,5.264,-2.385,1.908,-36.285,-1.173,-0.853,5.264,-2.584,36.285,0.418,0.416,1,10.0,0.869,0.273,85.957,-2.5,3.549,0,1,0,OFFBOARD
220,OUTBOUND,22.27,5.264,-2.385,1.908,-36.285,-1.173,-0.853,5.264,-2.584,36.285,0.418,0.416,1,10.0,0.869,0.273,86.405,-2.5,3.545,0,1,0,OFFBOARD
221,OUTBOUND,22.37,5.264,-2.385,1.908,-36.285,-1.173,-0.853,5.264,-2.584,36.285,0.418,0.416,1,10.0,0.869,0.273,86.854,-2.5,3.541,0,1,0,OFFBOARD
222,OUTBOUND,22.48,5.264,-2.385,1.907,-36.285,-1.173,-0.853,5.264,-2.584,36.285,0.418,0.416,1,10.0,0.869,0.273,87.302,-2.5,3.535,0,1,0,OFFBOARD
223,OUTBOUND,22.58,5.264,-2.385,1.907,-36.285,-1.173,-0.853,5.263,-2.585,36.285,0.418,0.416,1,10.0,0.869,0.273,87.75,-2.5,3.531,0,1,0,OFFBOARD
224,OUTBOUND,22.68,5.263,-2.385,1.907,-36.285,-1.173,-0.853,5.263,-2.585,36.285,0.418,0.416,1,10.0,0.869,0.273,88.199,-2.5,3.528,0,1,0,OFFBOARD
225,OUTBOUND,22.78,5.263,-2.385,1.907,-36.285,-1.173,-0.853,5.263,-2.585,36.285,0.418,0.416,1,10.0,0.869,0.273,88.647,-2.5,3.526,0,1,0,OFFBOARD
226,OUTBOUND,22.88,5.263,-2.385,1.906,-36.285,-1.173,-0.853,5.263,-2.585,36.285,0.418,0.416,1,10.0,0.869,0.273,89.096,-2.5,3.524,0,1,0,OFFBOARD
227,OUTBOUND,22.98,5.263,-2.385,1.906,-36.285,-1.173,-0.853,5.263,-2.585,36.285,0.418,0.416,1,10.0,0.869,0.273,89.544,-2.5,3.522,0,1,0,OFFBOARD
228,OUTBOUND,23.08,5.263,-2.385,1.906,-36.285,-1.173,-0.853,5.263,-2.585,36.285,0.418,0.416,1,10.0,0.869,0.273,89.993,-2.5,3.523,0,1,0,OFFBOARD
229,OUTBOUND,23.18,5.263,-2.385,1.906,-36.285,-1.173,-0.853,5.263,-2.585,36.285,0.418,0.416,1,10.0,0.869,0.273,90.441,-2.5,3.524,0,1,0,OFFBOARD
230,OUTBOUND,23.28,5.263,-2.385,1.906,-36.285,-1.173,-0.853,5.263,-2.585,36.285,0.418,0.416,1,10.0,0.869,0.273,90.889,-2.5,3.525,0,1,0,OFFBOARD
231,OUTBOUND,23.39,5.263,-2.385,1.906,-36.285,-1.173,-0.853,5.262,-2.584,36.285,0.418,0.416,1,10.0,0.869,0.273,91.338,-2.5,3.524,0,1,0,OFFBOARD
232,OUTBOUND,23.49,5.262,-2.384,1.907,-36.285,-1.173,-0.853,5.262,-2.584,36.285,0.418,0.416,1,10.0,0.869,0.273,91.786,-2.5,3.523,0,1,0,OFFBOARD
233,OUTBOUND,23.59,5.262,-2.384,1.907,-36.285,-1.173,-0.853,5.262,-2.584,36.285,0.418,0.416,1,10.0,0.869,0.273,92.235,-2.5,3.522,0,1,0,OFFBOARD
234,OUTBOUND,23.69,5.262,-2.384,1.907,-36.285,-1.173,-0.853,5.262,-2.584,36.285,0.418,0.416,1,10.0,0.869,0.273,92.683,-2.5,3.522,0,1,0,OFFBOARD
235,OUTBOUND,23.79,5.262,-2.384,1.908,-36.285,-1.173,-0.853,5.262,-2.584,36.285,0.418,0.416,1,10.0,0.869,0.273,93.131,-2.5,3.522,0,1,0,OFFBOARD
236,OUTBOUND,23.89,5.262,-2.384,1.908,-36.285,-1.173,-0.853,5.262,-2.584,36.285,0.418,0.416,1,10.0,0.869,0.273,93.58,-2.5,3.522,0,1,0,OFFBOARD
237,OUTBOUND,23.99,5.262,-2.384,1.908,-36.285,-1.173,-0.853,5.262,-2.584,36.285,0.418,0.416,1,10.0,0.869,0.273,94.028,-2.5,3.521,0,1,0,OFFBOARD
238,OUTBOUND,24.09,5.262,-2.384,1.908,-36.285,-1.173,-0.853,5.262,-2.584,36.285,0.418,0.416,1,10.0,0.869,0.273,94.476,-2.5,3.52,0,1,0,OFFBOARD
239,OUTBOUND,24.2,5.262,-2.384,1.909,-36.285,-1.173,-0.853,5.262,-2.584,36.285,0.418,0.416,1,10.0,0.869,0.273,94.925,-2.5,3.52,0,1,0,OFFBOARD
240,OUTBOUND,24.3,5.262,-2.384,1.909,-36.285,-1.173,-0.853,5.262,-2.584,36.285,0.418,0.416,1,10.0,0.869,0.273,95.373,-2.5,3.517,0,1,0,OFFBOARD
241,OUTBOUND,24.4,5.262,-2.384,1.909,-36.285,-1.173,-0.853,5.262,-2.584,36.285,0.418,0.416,1,10.0,0.869,0.273,95.822,-2.5,3.515,0,1,0,OFFBOARD
242,OUTBOUND,24.5,5.262,-2.384,1.91,-36.285,-1.173,-0.853,5.262,-2.584,36.285,0.418,0.416,1,10.0,0.869,0.273,96.27,-2.5,3.513,0,1,0,OFFBOARD
243,OUTBOUND,24.6,5.262,-2.384,1.91,-36.285,-1.173,-0.853,5.262,-2.584,36.285,0.418,0.416,1,10.0,0.869,0.273,96.718,-2.5,3.512,0,1,0,OFFBOARD
244,OUTBOUND,24.7,5.261,-2.384,1.91,-36.285,-1.173,-0.853,5.261,-2.584,36.285,0.418,0.416,1,10.0,0.869,0.273,97.167,-2.5,3.509,0,1,0,OFFBOARD
245,OUTBOUND,24.8,5.261,-2.384,1.91,-36.285,-1.173,-0.853,5.261,-2.584,36.285,0.418,0.416,1,10.0,0.869,0.273,97.615,-2.5,3.509,0,1,0,OFFBOARD
246,OUTBOUND,24.9,5.261,-2.384,1.91,-36.285,-1.173,-0.853,5.261,-2.584,36.285,0.418,0.416,1,10.0,0.869,0.273,98.063,-2.5,3.508,0,1,0,OFFBOARD
247,OUTBOUND,25.0,5.261,-2.384,1.91,-36.285,-1.173,-0.853,5.261,-2.584,36.285,0.418,0.416,1,10.0,0.869,0.273,98.512,-2.5,3.507,0,1,0,OFFBOARD
248,OUTBOUND,25.11,5.261,-2.384,1.91,-36.285,-1.173,-0.853,5.261,-2.584,36.285,0.418,0.416,1,10.0,0.869,0.273,98.96,-2.5,3.506,0,1,0,OFFBOARD
249,OUTBOUND,25.21,5.261,-2.384,1.91,-36.285,-1.173,-0.853,5.261,-2.584,36.285,0.418,0.416,1,10.0,0.869,0.273,99.409,-2.5,3.506,0,1,0,OFFBOARD
250,OUTBOUND,25.31,5.261,-2.384,1.911,-36.285,-1.173,-0.853,5.261,-2.584,36.285,0.418,0.416,1,10.0,0.869,0.273,99.857,-2.5,3.503,0,1,0,OFFBOARD
251,OUTBOUND,25.41,5.261,-2.384,1.911,-36.285,-1.173,-0.853,5.261,-2.584,36.285,0.418,0.416,1,10.0,0.869,0.273,100.0,-2.5,3.501,0,1,0,OFFBOARD
252,OUTBOUND,25.51,5.261,-2.384,1.912,-36.285,-1.173,-0.853,5.261,-2.584,36.285,0.418,0.416,1,10.0,0.869,0.273,100.0,-2.5,3.499,0,1,0,OFFBOARD
253,OUTBOUND,25.61,5.261,-2.384,1.912,-36.285,-1.173,-0.853,5.261,-2.584,36.285,0.418,0.416,1,10.0,0.869,0.273,100.0,-2.5,3.495,0,1,0,OFFBOARD
254,OUTBOUND,25.71,5.261,-2.384,1.912,-36.285,-1.173,-0.853,5.261,-2.584,36.285,0.418,0.416,1,10.0,0.869,0.273,100.0,-2.5,3.489,0,1,0,OFFBOARD
255,OUTBOUND,25.81,5.261,-2.384,1.912,-36.285,-1.173,-0.853,5.261,-2.583,36.285,0.418,0.416,1,10.0,0.869,0.273,100.0,-2.5,3.485,0,1,0,OFFBOARD
256,OUTBOUND,25.91,5.261,-2.384,1.913,-36.285,-1.173,-0.853,5.261,-2.583,36.285,0.418,0.416,1,10.0,0.869,0.273,100.0,-2.5,3.482,0,1,0,OFFBOARD
257,OUTBOUND,26.02,5.261,-2.383,1.913,-36.285,-1.173,-0.853,5.261,-2.583,36.285,0.418,0.416,1,10.0,0.869,0.273,100.0,-2.5,3.478,0,1,0,OFFBOARD
258,OUTBOUND,26.12,5.26,-2.383,1.913,-36.285,-1.173,-0.853,5.26,-2.583,36.285,0.418,0.416,1,10.0,0.869,0.273,100.0,-2.5,3.474,0,1,0,OFFBOARD
259,OUTBOUND,26.22,5.26,-2.383,1.914,-36.285,-1.173,-0.853,5.26,-2.583,36.285,0.418,0.416,1,10.0,0.869,0.273,100.0,-2.5,3.468,0,1,0,OFFBOARD
260,OUTBOUND,26.32,5.26,-2.383,1.914,-36.285,-1.173,-0.853,5.26,-2.583,36.285,0.418,0.416,1,10.0,0.869,0.273,100.0,-2.5,3.461,0,1,0,OFFBOARD
261,OUTBOUND,26.42,5.26,-2.383,1.914,-36.285,-1.173,-0.853,5.26,-2.583,36.285,0.418,0.416,1,10.0,0.869,0.273,100.0,-2.5,3.453,0,1,0,OFFBOARD
262,OUTBOUND,26.52,5.26,-2.383,1.914,-36.285,-1.173,-0.853,5.26,-2.583,36.285,0.418,0.416,1,10.0,0.869,0.273,100.0,-2.5,3.448,0,1,0,OFFBOARD
263,OUTBOUND,26.62,5.26,-2.383,1.914,-36.285,-1.173,-0.853,5.26,-2.583,36.285,0.418,0.416,1,10.0,0.869,0.273,100.0,-2.5,3.443,0,1,0,OFFBOARD
264,OUTBOUND,26.72,5.26,-2.383,1.914,-36.285,-1.173,-0.853,5.26,-2.583,36.285,0.418,0.416,1,10.0,0.869,0.273,100.0,-2.5,3.435,0,1,0,OFFBOARD
265,OUTBOUND,26.83,5.26,-2.383,1.914,-36.285,-1.173,-0.853,5.26,-2.583,36.285,0.418,0.416,1,10.0,0.869,0.273,100.0,-2.5,3.428,0,1,0,OFFBOARD
266,OUTBOUND,26.93,5.26,-2.383,1.914,-36.285,-1.173,-0.853,5.26,-2.583,36.285,0.418,0.416,1,10.0,0.869,0.273,100.0,-2.5,3.424,0,1,0,OFFBOARD
267,OUTBOUND,27.03,5.26,-2.383,1.914,-36.285,-1.173,-0.853,5.26,-2.583,36.285,0.418,0.416,1,10.0,0.869,0.273,100.0,-2.5,3.421,0,1,0,OFFBOARD
268,OUTBOUND,27.13,5.26,-2.383,1.915,-36.285,-1.173,-0.853,5.26,-2.583,36.285,0.418,0.416,1,10.0,0.869,0.273,100.0,-2.5,3.418,0,1,0,OFFBOARD
269,OUTBOUND,27.23,5.26,-2.383,1.915,-36.285,-1.173,-0.853,5.26,-2.583,36.285,0.418,0.416,1,10.0,0.869,0.273,100.0,-2.5,3.414,0,1,0,OFFBOARD
270,OUTBOUND,27.33,5.26,-2.383,1.915,-36.285,-1.173,-0.853,5.26,-2.583,36.285,0.418,0.416,1,10.0,0.869,0.273,100.0,-2.5,3.409,0,1,0,OFFBOARD
271,OUTBOUND,27.43,5.26,-2.383,1.915,-36.285,-1.173,-0.853,5.26,-2.583,36.285,0.418,0.416,1,10.0,0.869,0.273,100.0,-2.5,3.402,0,1,0,OFFBOARD
272,OUTBOUND,27.53,5.26,-2.383,1.915,-36.285,-1.173,-0.853,5.26,-2.583,36.285,0.418,0.416,1,10.0,0.869,0.273,100.0,-2.5,3.395,0,1,0,OFFBOARD
273,OUTBOUND,27.64,5.26,-2.383,1.915,-36.285,-1.173,-0.853,5.26,-2.583,36.285,0.418,0.416,1,10.0,0.869,0.273,100.0,-2.5,3.387,0,1,0,OFFBOARD
274,OUTBOUND,27.74,5.26,-2.383,1.915,-36.285,-1.173,-0.853,5.26,-2.583,36.285,0.418,0.416,1,10.0,0.869,0.273,100.0,-2.5,3.38,0,1,0,OFFBOARD
275,OUTBOUND,27.84,5.26,-2.383,1.915,-36.285,-1.173,-0.853,5.26,-2.583,36.285,0.418,0.416,1,10.0,0.869,0.273,100.0,-2.5,3.374,0,1,0,OFFBOARD
276,OUTBOUND,27.94,5.26,-2.383,1.915,-36.285,-1.173,-0.853,5.26,-2.583,36.285,0.418,0.416,1,10.0,0.869,0.273,100.0,-2.5,3.369,0,1,0,OFFBOARD
277,OUTBOUND,28.04,5.26,-2.383,1.916,-36.285,-1.173,-0.853,5.26,-2.583,36.285,0.418,0.416,1,10.0,0.869,0.273,100.0,-2.5,3.365,0,1,0,OFFBOARD
278,OUTBOUND,28.14,5.26,-2.383,1.916,-36.285,-1.173,-0.853,5.26,-2.583,36.285,0.418,0.416,1,10.0,0.869,0.273,100.0,-2.5,3.359,0,1,0,OFFBOARD
279,OUTBOUND,28.24,5.259,-2.383,1.916,-36.285,-1.173,-0.853,5.259,-2.583,36.285,0.418,0.416,1,10.0,0.869,0.273,100.0,-2.5,3.353,0,1,0,OFFBOARD
280,OUTBOUND,28.34,5.259,-2.383,1.916,-36.285,-1.173,-0.853,5.259,-2.583,36.285,0.418,0.416,1,10.0,0.869,0.273,100.0,-2.5,3.347,0,1,0,OFFBOARD
281,OUTBOUND,28.44,5.259,-2.383,1.917,-36.285,-1.173,-0.853,5.259,-2.583,36.285,0.418,0.416,1,10.0,0.869,0.273,100.0,-2.5,3.342,0,1,0,OFFBOARD
282,OUTBOUND,28.55,5.259,-2.383,1.917,-36.285,-1.173,-0.853,5.259,-2.583,36.285,0.418,0.416,1,10.0,0.869,0.273,100.0,-2.5,3.337,0,1,0,OFFBOARD
283,OUTBOUND,28.65,5.259,-2.383,1.917,-36.285,-1.173,-0.853,5.259,-2.583,36.285,0.418,0.416,1,10.0,0.869,0.273,100.0,-2.5,3.331,0,1,0,OFFBOARD
284,OUTBOUND,28.75,5.259,-2.383,1.918,-36.285,-1.173,-0.853,5.259,-2.583,36.285,0.418,0.416,1,10.0,0.869,0.273,100.0,-2.5,3.322,0,1,0,OFFBOARD
285,OUTBOUND,28.85,5.259,-2.383,1.918,-36.285,-1.173,-0.853,5.259,-2.583,36.285,0.418,0.416,1,10.0,0.869,0.273,100.0,-2.5,3.313,0,1,0,OFFBOARD
286,OUTBOUND,28.95,5.259,-2.383,1.918,-36.285,-1.173,-0.853,5.259,-2.583,36.285,0.418,0.416,1,10.0,0.869,0.273,100.0,-2.5,3.306,0,1,0,OFFBOARD
287,OUTBOUND,29.05,5.259,-2.383,1.918,-36.285,-1.173,-0.853,5.259,-2.583,36.285,0.418,0.416,1,10.0,0.869,0.273,100.0,-2.5,3.301,0,1,0,OFFBOARD
288,OUTBOUND,29.15,5.259,-2.383,1.918,-36.285,-1.173,-0.853,5.259,-2.583,36.285,0.418,0.416,1,10.0,0.869,0.273,100.0,-2.5,3.296,0,1,0,OFFBOARD
289,OUTBOUND,29.25,5.259,-2.383,1.918,-36.285,-1.173,-0.853,5.259,-2.583,36.285,0.418,0.416,1,10.0,0.869,0.273,100.0,-2.5,3.29,0,1,0,OFFBOARD
290,OUTBOUND,29.36,5.259,-2.383,1.919,-36.285,-1.173,-0.853,5.259,-2.583,36.285,0.418,0.416,1,10.0,0.869,0.273,100.0,-2.5,3.283,0,1,0,OFFBOARD
291,OUTBOUND,29.46,5.259,-2.383,1.919,-36.285,-1.173,-0.853,5.259,-2.583,36.285,0.418,0.416,1,10.0,0.869,0.273,100.0,-2.5,3.277,0,1,0,OFFBOARD
292,OUTBOUND,29.56,5.259,-2.383,1.919,-36.285,-1.173,-0.853,5.259,-2.583,36.285,0.418,0.416,1,10.0,0.869,0.273,100.0,-2.5,3.269,0,1,0,OFFBOARD
293,OUTBOUND,29.66,5.259,-2.383,1.919,-36.285,-1.173,-0.853,5.259,-2.583,36.285,0.418,0.416,1,10.0,0.869,0.273,100.0,-2.5,3.261,0,1,0,OFFBOARD
294,OUTBOUND,29.76,5.259,-2.383,1.919,-36.285,-1.173,-0.853,5.259,-2.583,36.285,0.418,0.416,1,10.0,0.869,0.273,100.0,-2.5,3.252,0,1,0,OFFBOARD
295,OUTBOUND,29.86,5.258,-2.383,1.919,-36.285,-1.173,-0.853,5.258,-2.583,36.285,0.418,0.416,1,10.0,0.869,0.273,100.0,-2.5,3.244,0,1,0,OFFBOARD
296,OUTBOUND,29.96,5.258,-2.383,1.919,-36.285,-1.173,-0.853,5.258,-2.583,36.285,0.418,0.416,1,10.0,0.869,0.273,100.0,-2.5,3.236,0,1,0,OFFBOARD
297,OUTBOUND,30.06,5.258,-2.383,1.92,-36.285,-1.173,-0.853,5.258,-2.583,36.285,0.418,0.416,1,10.0,0.869,0.273,100.0,-2.5,3.227,0,1,0,OFFBOARD
298,OUTBOUND,30.17,5.258,-2.383,1.92,-36.285,-1.173,-0.853,5.258,-2.583,36.285,0.418,0.416,1,10.0,0.869,0.273,100.0,-2.5,3.218,0,1,0,OFFBOARD
299,OUTBOUND,30.27,5.258,-2.383,1.92,-36.285,-1.173,-0.853,5.258,-2.583,36.285,0.418,0.416,1,10.0,0.869,0.273,100.0,-2.5,3.209,0,1,0,OFFBOARD
300,OUTBOUND,30.37,5.258,-2.383,1.92,-36.285,-1.173,-0.853,5.258,-2.583,36.285,0.418,0.416,1,10.0,0.869,0.273,100.0,-2.5,3.2,0,1,0,OFFBOARD
301,OUTBOUND,30.47,5.258,-2.383,1.92,-36.285,-1.173,-0.853,5.258,-2.583,36.285,0.418,0.416,1,10.0,0.869,0.273,100.0,-2.5,3.19,0,1,0,OFFBOARD
302,OUTBOUND,30.57,5.258,-2.383,1.92,-36.285,-1.173,-0.853,5.258,-2.583,36.285,0.418,0.416,1,10.0,0.869,0.273,100.0,-2.5,3.18,0,1,0,OFFBOARD
303,OUTBOUND,30.67,5.258,-2.383,1.92,-36.285,-1.173,-0.853,5.258,-2.583,36.285,0.418,0.416,1,10.0,0.869,0.273,100.0,-2.5,3.171,0,1,0,OFFBOARD
304,OUTBOUND,30.77,5.258,-2.383,1.92,-36.285,-1.173,-0.853,5.258,-2.583,36.285,0.418,0.416,1,10.0,0.869,0.273,100.0,-2.5,3.163,0,1,0,OFFBOARD
305,OUTBOUND,30.87,5.258,-2.383,1.92,-36.285,-1.173,-0.853,5.258,-2.583,36.285,0.418,0.416,1,10.0,0.869,0.273,100.0,-2.5,3.155,0,1,0,OFFBOARD
306,OUTBOUND,30.97,5.258,-2.383,1.92,-36.285,-1.173,-0.853,5.258,-2.583,36.285,0.418,0.416,1,10.0,0.869,0.273,100.0,-2.5,3.147,0,1,0,OFFBOARD
307,OUTBOUND,31.08,5.258,-2.383,1.92,-36.285,-1.173,-0.853,5.258,-2.583,36.285,0.418,0.416,1,10.0,0.869,0.273,100.0,-2.5,3.142,0,1,0,OFFBOARD
308,OUTBOUND,31.18,5.258,-2.383,1.921,-36.285,-1.173,-0.853,5.258,-2.583,36.285,0.418,0.416,1,10.0,0.869,0.273,100.0,-2.5,3.136,0,1,0,OFFBOARD
309,OUTBOUND,31.28,5.258,-2.383,1.921,-36.285,-1.173,-0.853,5.258,-2.583,36.285,0.418,0.416,1,10.0,0.869,0.273,100.0,-2.5,3.128,0,1,0,OFFBOARD
310,OUTBOUND,31.38,5.258,-2.383,1.921,-36.285,-1.173,-0.853,5.258,-2.583,36.285,0.418,0.416,1,10.0,0.869,0.273,100.0,-2.5,3.12,0,1,0,OFFBOARD
311,OUTBOUND,31.48,5.258,-2.383,1.921,-36.285,-1.173,-0.853,5.258,-2.583,36.285,0.418,0.416,1,10.0,0.869,0.273,100.0,-2.5,3.112,0,1,0,OFFBOARD
312,OUTBOUND,31.58,5.258,-2.383,1.921,-36.285,-1.173,-0.853,5.258,-2.583,36.285,0.418,0.416,1,10.0,0.869,0.273,100.0,-2.5,3.105,0,1,0,OFFBOARD
313,OUTBOUND,31.68,5.258,-2.383,1.921,-36.285,-1.173,-0.853,5.258,-2.583,36.285,0.418,0.416,1,10.0,0.869,0.273,100.0,-2.5,3.096,0,1,0,OFFBOARD
314,OUTBOUND,31.78,5.258,-2.383,1.921,-36.285,-1.173,-0.853,5.258,-2.583,36.285,0.418,0.416,1,10.0,0.869,0.273,100.0,-2.5,3.085,0,1,0,OFFBOARD
315,OUTBOUND,31.89,5.258,-2.383,1.921,-36.285,-1.173,-0.853,5.258,-2.583,36.285,0.418,0.416,1,10.0,0.869,0.273,100.0,-2.5,3.075,0,1,0,OFFBOARD
316,OUTBOUND,31.99,5.258,-2.383,1.921,-36.285,-1.173,-0.853,5.258,-2.583,36.285,0.418,0.416,1,10.0,0.869,0.273,100.0,-2.5,3.065,0,1,0,OFFBOARD
317,OUTBOUND,32.09,5.258,-2.383,1.922,-36.285,-1.173,-0.853,5.257,-2.583,36.285,0.418,0.416,1,10.0,0.869,0.273,100.0,-2.5,3.055,0,1,0,OFFBOARD
318,OUTBOUND,32.19,5.257,-2.383,1.922,-36.285,-1.173,-0.853,5.257,-2.583,36.285,0.418,0.416,1,10.0,0.869,0.273,100.0,-2.5,3.046,0,1,0,OFFBOARD
319,OUTBOUND,32.29,5.257,-2.383,1.922,-36.285,-1.173,-0.853,5.257,-2.583,36.285,0.418,0.416,1,10.0,0.869,0.273,100.0,-2.5,3.037,0,1,0,OFFBOARD
320,OUTBOUND,32.39,5.257,-2.383,1.922,-36.285,-1.173,-0.853,5.257,-2.583,36.285,0.418,0.416,1,10.0,0.869,0.273,100.0,-2.5,3.028,0,1,0,OFFBOARD
321,OUTBOUND,32.49,5.257,-2.383,1.922,-36.285,-1.173,-0.853,5.257,-2.583,36.285,0.418,0.416,1,10.0,0.869,0.273,100.0,-2.5,3.016,0,1,0,OFFBOARD
322,OUTBOUND,32.59,5.257,-2.383,1.923,-36.285,-1.173,-0.853,5.257,-2.583,36.285,0.418,0.416,1,10.0,0.869,0.273,100.0,-2.5,3.005,0,1,0,OFFBOARD
323,OUTBOUND,32.7,5.257,-2.383,1.923,-36.285,-1.173,-0.853,5.257,-2.583,36.285,0.418,0.416,1,10.0,0.869,0.273,100.0,-2.5,2.995,0,1,0,OFFBOARD
324,OUTBOUND,32.8,5.257,-2.383,1.923,-36.285,-1.173,-0.853,5.257,-2.583,36.285,0.418,0.416,1,10.0,0.869,0.273,100.0,-2.5,2.985,0,1,0,OFFBOARD
325,OUTBOUND,32.9,5.257,-2.383,1.923,-36.285,-1.173,-0.853,5.257,-2.583,36.285,0.418,0.416,1,10.0,0.869,0.273,100.0,-2.5,2.976,0,1,0,OFFBOARD
326,OUTBOUND,33.0,5.257,-2.383,1.923,-36.285,-1.173,-0.853,5.257,-2.583,36.285,0.418,0.416,1,10.0,0.869,0.273,100.0,-2.5,2.964,0,1,0,OFFBOARD
327,OUTBOUND,33.1,5.257,-2.383,1.923,-36.285,-1.173,-0.853,5.257,-2.583,36.285,0.418,0.416,1,10.0,0.869,0.273,100.0,-2.5,2.95,0,1,0,OFFBOARD
328,OUTBOUND,33.2,5.257,-2.383,1.923,-36.285,-1.173,-0.853,5.257,-2.583,36.285,0.418,0.416,1,10.0,0.869,0.273,100.0,-2.5,2.936,0,1,0,OFFBOARD
329,OUTBOUND,33.3,5.257,-2.383,1.923,-36.285,-1.173,-0.853,5.257,-2.583,36.285,0.418,0.416,1,10.0,0.869,0.273,100.0,-2.5,2.921,0,1,0,OFFBOARD
330,OUTBOUND,33.4,5.257,-2.383,1.923,-36.285,-1.173,-0.853,5.257,-2.583,36.285,0.418,0.416,1,10.0,0.869,0.273,100.0,-2.5,2.908,0,1,0,OFFBOARD
331,OUTBOUND,33.5,5.257,-2.383,1.923,-36.285,-1.173,-0.853,5.257,-2.583,36.285,0.418,0.416,1,10.0,0.869,0.273,100.0,-2.5,2.893,0,1,0,OFFBOARD
332,OUTBOUND,33.6,5.257,-2.383,1.924,-36.285,-1.173,-0.853,5.257,-2.583,36.285,0.418,0.416,1,10.0,0.869,0.273,100.0,-2.5,2.881,0,1,0,OFFBOARD
333,OUTBOUND,33.71,5.257,-2.383,1.924,-36.285,-1.173,-0.853,5.257,-2.583,36.285,0.418,0.416,1,10.0,0.869,0.273,100.0,-2.5,2.869,0,1,0,OFFBOARD
334,OUTBOUND,33.81,5.257,-2.383,1.924,-36.285,-1.173,-0.853,5.257,-2.583,36.285,0.418,0.416,1,10.0,0.869,0.273,100.0,-2.5,2.857,0,1,0,OFFBOARD
335,OUTBOUND,33.91,5.257,-2.383,1.924,-36.285,-1.173,-0.853,5.257,-2.583,36.285,0.418,0.416,1,10.0,0.869,0.273,100.0,-2.5,2.845,0,1,0,OFFBOARD
336,OUTBOUND,34.01,5.257,-2.383,1.924,-36.285,-1.173,-0.853,5.256,-2.583,36.285,0.418,0.416,1,10.0,0.869,0.273,100.0,-2.5,2.831,0,1,0,OFFBOARD
337,OUTBOUND,34.11,5.257,-2.383,1.924,-36.285,-1.173,-0.853,5.256,-2.583,36.285,0.418,0.416,1,10.0,0.869,0.273,100.0,-2.5,2.818,0,1,0,OFFBOARD
338,OUTBOUND,34.21,5.256,-2.383,1.924,-36.285,-1.173,-0.853,5.256,-2.583,36.285,0.418,0.416,1,10.0,0.869,0.273,100.0,-2.5,2.805,0,1,0,OFFBOARD
339,OUTBOUND,34.31,5.256,-2.383,1.924,-36.285,-1.173,-0.853,5.256,-2.583,36.285,0.418,0.416,1,10.0,0.869,0.273,100.0,-2.5,2.79,0,1,0,OFFBOARD
340,OUTBOUND,34.41,5.256,-2.383,1.924,-36.285,-1.173,-0.853,5.256,-2.583,36.285,0.418,0.416,1,10.0,0.869,0.273,100.0,-2.5,2.775,0,1,0,OFFBOARD
341,OUTBOUND,34.51,5.256,-2.383,1.924,-36.285,-1.173,-0.853,5.256,-2.583,36.285,0.418,0.416,1,10.0,0.869,0.273,100.0,-2.5,2.759,0,1,0,OFFBOARD
342,OUTBOUND,34.62,5.256,-2.383,1.924,-36.285,-1.173,-0.853,5.256,-2.583,36.285,0.418,0.416,1,10.0,0.869,0.273,100.0,-2.5,2.743,0,1,0,OFFBOARD
343,OUTBOUND,34.72,5.256,-2.383,1.925,-36.285,-1.173,-0.853,5.256,-2.583,36.285,0.418,0.416,1,10.0,0.869,0.273,100.0,-2.5,2.73,0,1,0,OFFBOARD
344,OUTBOUND,34.82,5.256,-2.383,1.925,-36.285,-1.173,-0.853,5.256,-2.583,36.285,0.418,0.416,1,10.0,0.869,0.273,100.0,-2.5,2.715,0,1,0,OFFBOARD
345,OUTBOUND,34.92,5.256,-2.383,1.925,-36.285,-1.173,-0.853,5.256,-2.583,36.285,0.418,0.416,1,10.0,0.869,0.273,100.0,-2.5,2.704,0,1,0,OFFBOARD
346,OUTBOUND,35.02,5.256,-2.383,1.925,-36.285,-1.173,-0.853,5.256,-2.583,36.285,0.418,0.416,1,10.0,0.869,0.273,100.0,-2.5,2.691,0,1,0,OFFBOARD
347,OUTBOUND,35.12,5.256,-2.383,1.925,-36.285,-1.173,-0.853,5.256,-2.583,36.285,0.418,0.416,1,10.0,0.869,0.273,100.0,-2.5,2.678,0,1,0,OFFBOARD
348,OUTBOUND,35.22,5.256,-2.383,1.925,-36.285,-1.173,-0.853,5.256,-2.583,36.285,0.418,0.416,1,10.0,0.869,0.273,100.0,-2.5,2.663,0,1,0,OFFBOARD
349,OUTBOUND,35.32,5.256,-2.383,1.925,-36.285,-1.173,-0.853,5.256,-2.583,36.285,0.418,0.416,1,10.0,0.869,0.273,100.0,-2.5,2.649,0,1,0,OFFBOARD
350,OUTBOUND,35.42,5.256,-2.383,1.925,-36.285,-1.173,-0.853,5.256,-2.583,36.285,0.418,0.416,1,10.0,0.869,0.273,100.0,-2.5,2.634,0,1,0,OFFBOARD
351,OUTBOUND,35.53,5.256,-2.383,1.925,-36.285,-1.173,-0.853,5.256,-2.583,36.285,0.418,0.416,1,10.0,0.869,0.273,100.0,-2.5,2.618,0,1,0,OFFBOARD
352,OUTBOUND,35.63,5.256,-2.383,1.925,-36.285,-1.173,-0.853,5.256,-2.583,36.285,0.418,0.416,1,10.0,0.869,0.273,100.0,-2.5,2.607,0,1,0,OFFBOARD
353,OUTBOUND,35.73,5.256,-2.383,1.925,-36.285,-1.173,-0.853,5.256,-2.583,36.285,0.418,0.416,1,10.0,0.869,0.273,100.0,-2.5,2.594,0,1,0,OFFBOARD
354,OUTBOUND,35.83,5.256,-2.383,1.925,-36.285,-1.173,-0.853,5.256,-2.583,36.285,0.418,0.416,1,10.0,0.869,0.273,100.0,-2.5,2.58,0,1,0,OFFBOARD
355,OUTBOUND,35.93,5.256,-2.383,1.925,-36.285,-1.173,-0.853,5.256,-2.583,36.285,0.418,0.416,1,10.0,0.869,0.273,100.0,-2.5,2.57,0,1,0,OFFBOARD
356,OUTBOUND,36.03,5.256,-2.383,1.925,-36.285,-1.173,-0.853,5.256,-2.583,36.285,0.418,0.416,1,10.0,0.869,0.273,100.0,-2.5,2.56,0,1,0,OFFBOARD
357,OUTBOUND,36.13,5.256,-2.383,1.925,-36.285,-1.173,-0.853,5.256,-2.583,36.285,0.418,0.416,1,10.0,0.869,0.273,100.0,-2.5,2.549,0,1,0,OFFBOARD
358,OUTBOUND,36.23,5.256,-2.383,1.926,-36.285,-1.173,-0.853,5.256,-2.583,36.285,0.418,0.416,1,10.0,0.869,0.273,100.0,-2.5,2.536,0,1,0,OFFBOARD
359,OUTBOUND,36.33,5.256,-2.383,1.926,-36.285,-1.173,-0.853,5.256,-2.583,36.285,0.418,0.416,1,10.0,0.869,0.273,100.0,-2.5,2.522,0,1,0,OFFBOARD
360,OUTBOUND,36.44,5.256,-2.383,1.926,-36.285,-1.173,-0.853,5.256,-2.583,36.285,0.418,0.416,1,10.0,0.869,0.273,100.0,-2.5,2.509,0,1,0,OFFBOARD
361,OUTBOUND,36.54,5.256,-2.383,1.926,-36.285,-1.173,-0.853,5.256,-2.583,36.285,0.418,0.416,1,10.0,0.869,0.273,100.0,-2.5,2.495,0,1,0,OFFBOARD
362,OUTBOUND,36.64,5.256,-2.383,1.926,-36.285,-1.173,-0.853,5.256,-2.583,36.285,0.418,0.416,1,10.0,0.869,0.273,100.0,-2.5,2.482,0,1,0,OFFBOARD
363,OUTBOUND,36.74,5.256,-2.383,1.926,-36.285,-1.173,-0.853,5.256,-2.583,36.285,0.418,0.416,1,10.0,0.869,0.273,100.0,-2.5,2.469,0,1,0,OFFBOARD
364,OUTBOUND,36.84,5.256,-2.383,1.926,-36.285,-1.173,-0.853,5.256,-2.583,36.285,0.418,0.416,1,10.0,0.869,0.273,100.0,-2.5,2.455,0,1,0,OFFBOARD
365,OUTBOUND,36.94,5.256,-2.383,1.926,-36.285,-1.173,-0.853,5.256,-2.583,36.285,0.418,0.416,1,10.0,0.869,0.273,100.0,-2.5,2.44,0,1,0,OFFBOARD
366,OUTBOUND,37.04,5.256,-2.383,1.926,-36.285,-1.173,-0.853,5.256,-2.583,36.285,0.418,0.416,1,10.0,0.869,0.273,100.0,-2.5,2.425,0,1,0,OFFBOARD
367,OUTBOUND,37.14,5.256,-2.384,1.926,-36.285,-1.173,-0.853,5.256,-2.583,36.285,0.418,0.416,1,10.0,0.869,0.273,100.0,-2.5,2.413,0,1,0,OFFBOARD
368,OUTBOUND,37.24,5.256,-2.384,1.926,-36.285,-1.173,-0.853,5.256,-2.583,36.285,0.418,0.416,1,10.0,0.869,0.273,100.0,-2.5,2.4,0,1,0,OFFBOARD
369,OUTBOUND,37.35,5.256,-2.384,1.926,-36.285,-1.173,-0.853,5.256,-2.583,36.285,0.418,0.416,1,10.0,0.869,0.273,100.0,-2.5,2.386,0,1,0,OFFBOARD
370,OUTBOUND,37.45,5.256,-2.384,1.926,-36.285,-1.173,-0.853,5.256,-2.583,36.285,0.418,0.416,1,10.0,0.869,0.273,100.0,-2.5,2.373,0,1,0,OFFBOARD
371,OUTBOUND,37.55,5.256,-2.384,1.926,-36.285,-1.173,-0.853,5.256,-2.584,36.285,0.418,0.416,1,10.0,0.869,0.273,100.0,-2.5,2.36,0,1,0,OFFBOARD
372,OUTBOUND,37.65,5.256,-2.384,1.926,-36.285,-1.173,-0.853,5.256,-2.584,36.285,0.418,0.416,1,10.0,0.869,0.273,100.0,-2.5,2.346,0,1,0,OFFBOARD
373,OUTBOUND,37.75,5.256,-2.384,1.926,-36.285,-1.173,-0.853,5.256,-2.584,36.285,0.418,0.416,1,10.0,0.869,0.273,100.0,-2.5,2.333,0,1,0,OFFBOARD
374,OUTBOUND,37.85,5.256,-2.384,1.926,-36.285,-1.173,-0.853,5.256,-2.584,36.285,0.418,0.416,1,10.0,0.869,0.273,100.0,-2.5,2.32,0,1,0,OFFBOARD
375,OUTBOUND,37.95,5.256,-2.384,1.926,-36.285,-1.173,-0.853,5.256,-2.584,36.285,0.418,0.416,1,10.0,0.869,0.273,100.0,-2.5,2.307,0,1,0,OFFBOARD
376,OUTBOUND,38.05,5.256,-2.384,1.926,-36.285,-1.173,-0.853,5.256,-2.584,36.285,0.418,0.416,1,10.0,0.869,0.273,100.0,-2.5,2.292,0,1,0,OFFBOARD
377,OUTBOUND,38.16,5.256,-2.384,1.926,-36.285,-1.173,-0.853,5.256,-2.584,36.285,0.418,0.416,1,10.0,0.869,0.273,100.0,-2.5,2.281,0,1,0,OFFBOARD
378,OUTBOUND,38.26,5.256,-2.384,1.925,-36.285,-1.173,-0.853,5.256,-2.584,36.285,0.418,0.416,1,10.0,0.869,0.273,100.0,-2.5,2.271,0,1,0,OFFBOARD
379,OUTBOUND,38.36,5.257,-2.384,1.924,-36.285,-1.173,-0.853,5.257,-2.584,36.285,0.418,0.416,1,10.0,0.869,0.273,100.0,-2.5,2.259,0,1,0,OFFBOARD
380,OUTBOUND,38.46,5.257,-2.384,1.923,-36.285,-1.173,-0.853,5.257,-2.584,36.285,0.418,0.416,1,10.0,0.869,0.273,100.0,-2.5,2.246,0,1,0,OFFBOARD
381,OUTBOUND,38.56,5.258,-2.384,1.921,-36.285,-1.173,-0.853,5.258,-2.584,36.285,0.418,0.416,1,10.0,0.869,0.273,100.0,-2.5,2.233,0,1,0,OFFBOARD
382,OUTBOUND,38.66,5.259,-2.384,1.919,-36.285,-1.173,-0.853,5.259,-2.584,36.285,0.418,0.416,1,10.0,0.869,0.273,100.0,-2.5,2.222,0,1,0,OFFBOARD
383,OUTBOUND,38.76,5.26,-2.384,1.917,-36.285,-1.173,-0.853,5.26,-2.584,36.285,0.418,0.416,1,10.0,0.869,0.273,100.0,-2.5,2.21,0,1,0,OFFBOARD
384,OUTBOUND,38.86,5.261,-2.384,1.915,-36.285,-1.173,-0.853,5.261,-2.584,36.285,0.418,0.416,1,10.0,0.869,0.273,100.0,-2.5,2.198,0,1,0,OFFBOARD
385,OUTBOUND,38.96,5.262,-2.385,1.913,-36.285,-1.173,-0.853,5.262,-2.585,36.285,0.418,0.416,1,10.0,0.869,0.273,100.0,-2.5,2.185,0,1,0,OFFBOARD
386,OUTBOUND,39.07,5.263,-2.385,1.911,-36.285,-1.173,-0.853,5.263,-2.585,36.285,0.418,0.416,1,10.0,0.869,0.273,100.0,-2.5,2.176,0,1,0,OFFBOARD
387,OUTBOUND,39.17,5.264,-2.385,1.909,-36.285,-1.173,-0.853,5.264,-2.585,36.285,0.418,0.416,1,10.0,0.869,0.273,100.0,-2.5,2.167,0,1,0,OFFBOARD
388,OUTBOUND,39.27,5.265,-2.385,1.907,-36.285,-1.173,-0.853,5.265,-2.585,36.285,0.418,0.416,1,10.0,0.869,0.273,100.0,-2.5,2.161,0,1,0,OFFBOARD
389,OUTBOUND,39.37,5.267,-2.386,1.905,-36.285,-1.173,-0.853,5.266,-2.586,36.285,0.418,0.416,1,10.0,0.869,0.273,100.0,-2.5,2.157,0,1,0,OFFBOARD
390,OUTBOUND,39.47,5.268,-2.386,1.902,-36.285,-1.173,-0.853,5.268,-2.586,36.285,0.418,0.416,1,10.0,0.869,0.273,100.0,-2.5,2.154,0,1,0,OFFBOARD
391,OUTBOUND,39.57,5.269,-2.387,1.9,-36.285,-1.173,-0.853,5.269,-2.587,36.285,0.418,0.416,1,10.0,0.869,0.273,100.0,-2.5,2.151,0,1,0,OFFBOARD
392,OUTBOUND,39.67,5.269,-2.386,1.898,-36.285,-1.173,-0.853,5.269,-2.586,36.285,0.418,0.416,1,10.0,0.869,0.273,100.0,-2.5,2.15,0,1,0,OFFBOARD
393,OUTBOUND,39.77,5.269,-2.386,1.898,-36.285,-1.173,-0.853,5.269,-2.586,36.285,0.418,0.416,1,10.0,0.869,0.273,100.0,-2.5,2.152,0,1,0,OFFBOARD
394,OUTBOUND,39.88,5.269,-2.387,1.899,-36.285,-1.173,-0.853,5.269,-2.587,36.285,0.418,0.416,1,10.0,0.869,0.273,100.0,-2.5,2.156,0,1,0,OFFBOARD
395,OUTBOUND,39.98,5.268,-2.387,1.9,-36.285,-1.173,-0.853,5.268,-2.587,36.285,0.418,0.416,1,10.0,0.869,0.273,100.0,-2.5,2.159,0,1,0,OFFBOARD
396,OUTBOUND,40.08,5.268,-2.387,1.9,-36.285,-1.173,-0.853,5.268,-2.587,36.285,0.418,0.416,1,10.0,0.869,0.273,100.0,-2.5,2.163,0,1,0,OFFBOARD
397,OUTBOUND,40.18,5.268,-2.387,1.9,-36.285,-1.173,-0.853,5.268,-2.587,36.285,0.418,0.416,1,10.0,0.869,0.273,100.0,-2.5,2.166,0,1,0,OFFBOARD
398,OUTBOUND,40.28,5.269,-2.387,1.899,-36.285,-1.173,-0.853,5.269,-2.587,36.285,0.418,0.416,1,10.0,0.869,0.273,100.0,-2.5,2.169,0,1,0,OFFBOARD
399,OUTBOUND,40.38,5.268,-2.387,1.899,-36.285,-1.173,-0.853,5.268,-2.587,36.285,0.418,0.416,1,10.0,0.869,0.273,100.0,-2.5,2.17,0,1,0,OFFBOARD
400,OUTBOUND,40.48,5.268,-2.387,1.899,-36.285,-1.173,-0.853,5.268,-2.587,36.285,0.418,0.416,1,10.0,0.869,0.273,100.0,-2.5,2.174,0,1,0,OFFBOARD
401,OUTBOUND,40.58,5.268,-2.387,1.899,-36.285,-1.173,-0.853,5.268,-2.587,36.285,0.418,0.416,1,10.0,0.869,0.273,100.0,-2.5,2.176,0,1,0,OFFBOARD
402,OUTBOUND,40.68,5.268,-2.387,1.899,-36.285,-1.173,-0.853,5.268,-2.587,36.285,0.418,0.416,1,10.0,0.869,0.273,100.0,-2.5,2.179,0,1,0,OFFBOARD
403,OUTBOUND,40.79,5.268,-2.387,1.899,-36.285,-1.173,-0.853,5.268,-2.587,36.285,0.418,0.416,1,10.0,0.869,0.273,100.0,-2.5,2.183,0,1,0,OFFBOARD
404,OUTBOUND,40.89,5.268,-2.387,1.899,-36.285,-1.173,-0.853,5.268,-2.587,36.285,0.418,0.416,1,10.0,0.869,0.273,100.0,-2.5,2.186,0,1,0,OFFBOARD
405,OUTBOUND,40.99,5.268,-2.387,1.899,-36.285,-1.173,-0.853,5.268,-2.587,36.285,0.418,0.416,1,10.0,0.869,0.273,100.0,-2.5,2.192,0,1,0,OFFBOARD
406,OUTBOUND,41.09,5.268,-2.387,1.899,-36.285,-1.173,-0.853,5.268,-2.587,36.285,0.418,0.416,1,10.0,0.869,0.273,100.0,-2.5,2.197,0,1,0,OFFBOARD
407,OUTBOUND,41.19,5.268,-2.387,1.899,-36.285,-1.173,-0.853,5.268,-2.587,36.285,0.418,0.416,1,10.0,0.869,0.273,100.0,-2.5,2.2,0,1,0,OFFBOARD
408,OUTBOUND,41.29,5.268,-2.387,1.899,-36.285,-1.173,-0.853,5.268,-2.587,36.285,0.418,0.416,1,10.0,0.869,0.273,100.0,-2.5,2.202,0,1,0,OFFBOARD
409,OUTBOUND,41.39,5.268,-2.387,1.899,-36.285,-1.173,-0.853,5.268,-2.587,36.285,0.418,0.416,1,10.0,0.869,0.273,100.0,-2.5,2.206,0,1,0,OFFBOARD
410,OUTBOUND,41.49,5.268,-2.387,1.899,-36.285,-1.173,-0.853,5.268,-2.587,36.285,0.418,0.416,1,10.0,0.869,0.273,100.0,-2.5,2.208,0,1,0,OFFBOARD
411,OUTBOUND,41.6,5.268,-2.387,1.899,-36.285,-1.173,-0.853,5.268,-2.587,36.285,0.418,0.416,1,10.0,0.869,0.273,100.0,-2.5,2.209,0,1,0,OFFBOARD
412,OUTBOUND,41.7,5.267,-2.387,1.899,-36.285,-1.173,-0.853,5.267,-2.587,36.285,0.418,0.416,1,10.0,0.869,0.273,100.0,-2.5,2.211,0,1,0,OFFBOARD
413,OUTBOUND,41.8,5.267,-2.387,1.899,-36.285,-1.173,-0.853,5.267,-2.587,36.285,0.418,0.416,1,10.0,0.869,0.273,100.0,-2.5,2.212,0,1,0,OFFBOARD
414,OUTBOUND,41.9,5.267,-2.387,1.898,-36.285,-1.173,-0.853,5.267,-2.587,36.285,0.418,0.416,1,10.0,0.869,0.273,100.0,-2.5,2.214,0,1,0,OFFBOARD
415,OUTBOUND,42.0,5.267,-2.387,1.898,-36.285,-1.173,-0.853,5.267,-2.587,36.285,0.418,0.416,1,10.0,0.869,0.273,100.0,-2.5,2.214,0,1,0,OFFBOARD
416,OUTBOUND,42.1,5.267,-2.387,1.898,-36.285,-1.173,-0.853,5.267,-2.587,36.285,0.418,0.416,1,10.0,0.869,0.273,100.0,-2.5,2.214,0,1,0,OFFBOARD
417,OUTBOUND,42.2,5.267,-2.387,1.898,-36.285,-1.173,-0.853,5.267,-2.587,36.285,0.418,0.416,1,10.0,0.869,0.273,100.0,-2.5,2.216,0,1,0,OFFBOARD
418,OUTBOUND,42.3,5.267,-2.387,1.898,-36.285,-1.173,-0.853,5.267,-2.587,36.285,0.418,0.416,1,10.0,0.869,0.273,100.0,-2.5,2.219,0,1,0,OFFBOARD
419,OUTBOUND,42.4,5.267,-2.387,1.898,-36.285,-1.173,-0.853,5.267,-2.587,36.285,0.418,0.416,1,10.0,0.869,0.273,100.0,-2.5,2.222,0,1,0,OFFBOARD
420,OUTBOUND,42.5,5.267,-2.387,1.898,-36.285,-1.173,-0.853,5.267,-2.587,36.285,0.418,0.416,1,10.0,0.869,0.273,100.0,-2.5,2.225,0,1,0,OFFBOARD
421,OUTBOUND,42.61,5.267,-2.388,1.898,-36.285,-1.173,-0.853,5.267,-2.587,36.285,0.418,0.416,1,10.0,0.869,0.273,100.0,-2.5,2.227,0,1,0,OFFBOARD
422,OUTBOUND,42.71,5.267,-2.388,1.898,-36.285,-1.173,-0.853,5.267,-2.587,36.285,0.418,0.416,1,10.0,0.869,0.273,100.0,-2.5,2.232,0,1,0,OFFBOARD
423,OUTBOUND,42.81,5.267,-2.388,1.898,-36.285,-1.173,-0.853,5.267,-2.587,36.285,0.418,0.416,1,10.0,0.869,0.273,100.0,-2.5,2.236,0,1,0,OFFBOARD
424,OUTBOUND,42.91,5.267,-2.388,1.898,-36.285,-1.173,-0.853,5.267,-2.587,36.285,0.418,0.416,1,10.0,0.869,0.273,100.0,-2.5,2.24,0,1,0,OFFBOARD
425,OUTBOUND,43.01,5.267,-2.388,1.898,-36.285,-1.173,-0.853,5.267,-2.588,36.285,0.418,0.416,1,10.0,0.869,0.273,100.0,-2.5,2.246,0,1,0,OFFBOARD
426,OUTBOUND,43.11,5.267,-2.388,1.898,-36.285,-1.173,-0.853,5.266,-2.588,36.285,0.418,0.416,1,10.0,0.869,0.273,100.0,-2.5,2.252,0,1,0,OFFBOARD
427,OUTBOUND,43.21,5.266,-2.388,1.898,-36.285,-1.173,-0.853,5.266,-2.588,36.285,0.418,0.416,1,10.0,0.869,0.273,100.0,-2.5,2.256,0,1,0,OFFBOARD
428,OUTBOUND,43.32,5.266,-2.388,1.898,-36.285,-1.173,-0.853,5.266,-2.588,36.285,0.418,0.416,1,10.0,0.869,0.273,100.0,-2.5,2.261,0,1,0,OFFBOARD
429,OUTBOUND,43.42,5.266,-2.388,1.898,-36.285,-1.173,-0.853,5.266,-2.588,36.285,0.418,0.416,1,10.0,0.869,0.273,100.0,-2.5,2.269,0,1,0,OFFBOARD
430,OUTBOUND,43.52,5.266,-2.388,1.898,-36.285,-1.173,-0.853,5.266,-2.588,36.285,0.418,0.416,1,10.0,0.869,0.273,100.0,-2.5,2.274,0,1,0,OFFBOARD
431,OUTBOUND,43.62,5.266,-2.388,1.898,-36.285,-1.173,-0.853,5.266,-2.588,36.285,0.418,0.416,1,10.0,0.869,0.273,100.0,-2.5,2.282,0,1,0,OFFBOARD
432,OUTBOUND,43.72,5.266,-2.388,1.898,-36.285,-1.173,-0.853,5.266,-2.588,36.285,0.418,0.416,1,10.0,0.869,0.273,100.0,-2.5,2.289,0,1,0,OFFBOARD
433,OUTBOUND,43.82,5.266,-2.388,1.898,-36.285,-1.173,-0.853,5.266,-2.588,36.285,0.418,0.416,1,10.0,0.869,0.273,100.0,-2.5,2.296,0,1,0,OFFBOARD
434,OUTBOUND,43.92,5.266,-2.388,1.898,-36.285,-1.173,-0.853,5.266,-2.588,36.285,0.418,0.416,1,10.0,0.869,0.273,100.0,-2.5,2.303,0,1,0,OFFBOARD
435,OUTBOUND,44.02,5.266,-2.388,1.898,-36.285,-1.173,-0.853,5.266,-2.588,36.285,0.418,0.416,1,10.0,0.869,0.273,100.0,-2.5,2.311,0,1,0,OFFBOARD
436,OUTBOUND,44.13,5.266,-2.388,1.898,-36.285,-1.173,-0.853,5.266,-2.588,36.285,0.418,0.416,1,10.0,0.869,0.273,100.0,-2.5,2.317,0,1,0,OFFBOARD
437,OUTBOUND,44.23,5.266,-2.388,1.898,-36.285,-1.173,-0.853,5.266,-2.588,36.285,0.418,0.416,1,10.0,0.869,0.273,100.0,-2.5,2.323,0,1,0,OFFBOARD
438,OUTBOUND,44.33,5.266,-2.388,1.898,-36.285,-1.173,-0.853,5.266,-2.588,36.285,0.418,0.416,1,10.0,0.869,0.273,100.0,-2.5,2.33,0,1,0,OFFBOARD
439,OUTBOUND,44.43,5.266,-2.388,1.898,-36.285,-1.173,-0.853,5.265,-2.588,36.285,0.418,0.416,1,10.0,0.869,0.273,100.0,-2.5,2.338,0,1,0,OFFBOARD
440,OUTBOUND,44.53,5.265,-2.388,1.898,-36.285,-1.173,-0.853,5.265,-2.588,36.285,0.418,0.416,1,10.0,0.869,0.273,100.0,-2.5,2.345,0,1,0,OFFBOARD
441,OUTBOUND,44.63,5.265,-2.388,1.898,-36.285,-1.173,-0.853,5.265,-2.588,36.285,0.418,0.416,1,10.0,0.869,0.273,100.0,-2.5,2.35,0,1,0,OFFBOARD
442,OUTBOUND,44.73,5.265,-2.388,1.898,-36.285,-1.173,-0.853,5.265,-2.588,36.285,0.418,0.416,1,10.0,0.869,0.273,100.0,-2.5,2.355,0,1,0,OFFBOARD
443,OUTBOUND,44.83,5.265,-2.388,1.897,-36.285,-1.173,-0.853,5.265,-2.588,36.285,0.418,0.416,1,10.0,0.869,0.273,100.0,-2.5,2.36,0,1,0,OFFBOARD
444,OUTBOUND,44.94,5.265,-2.388,1.897,-36.285,-1.173,-0.853,5.265,-2.588,36.285,0.418,0.416,1,10.0,0.869,0.273,100.0,-2.5,2.364,0,1,0,OFFBOARD
445,OUTBOUND,45.04,5.265,-2.388,1.897,-36.285,-1.173,-0.853,5.265,-2.588,36.285,0.418,0.416,1,10.0,0.869,0.273,100.0,-2.5,2.37,0,1,0,OFFBOARD
446,OUTBOUND,45.14,5.265,-2.388,1.897,-36.285,-1.173,-0.853,5.265,-2.588,36.285,0.418,0.416,1,10.0,0.869,0.273,100.0,-2.5,2.374,0,1,0,OFFBOARD
447,OUTBOUND,45.24,5.265,-2.388,1.897,-36.285,-1.173,-0.853,5.265,-2.588,36.285,0.418,0.416,1,10.0,0.869,0.273,100.0,-2.5,2.38,0,1,0,OFFBOARD
448,OUTBOUND,45.34,5.265,-2.388,1.897,-36.285,-1.173,-0.853,5.265,-2.588,36.285,0.418,0.416,1,10.0,0.869,0.273,100.0,-2.5,2.387,0,1,0,OFFBOARD
449,OUTBOUND,45.44,5.265,-2.388,1.897,-36.285,-1.173,-0.853,5.265,-2.588,36.285,0.418,0.416,1,10.0,0.869,0.273,100.0,-2.5,2.395,0,1,0,OFFBOARD
450,OUTBOUND,45.54,5.265,-2.388,1.897,-36.285,-1.173,-0.853,5.265,-2.588,36.285,0.418,0.416,1,10.0,0.869,0.273,100.0,-2.5,2.402,0,1,0,OFFBOARD
451,OUTBOUND,45.64,5.265,-2.388,1.897,-36.285,-1.173,-0.853,5.265,-2.588,36.285,0.418,0.416,1,10.0,0.869,0.273,100.0,-2.5,2.407,0,1,0,OFFBOARD
452,OUTBOUND,45.75,5.265,-2.388,1.897,-36.285,-1.173,-0.853,5.264,-2.588,36.285,0.418,0.416,1,10.0,0.869,0.273,100.0,-2.5,2.412,0,1,0,OFFBOARD
453,OUTBOUND,45.85,5.264,-2.388,1.897,-36.285,-1.173,-0.853,5.264,-2.588,36.285,0.418,0.416,1,10.0,0.869,0.273,100.0,-2.5,2.416,0,1,0,OFFBOARD
454,OUTBOUND,45.95,5.264,-2.388,1.897,-36.285,-1.173,-0.853,5.264,-2.588,36.285,0.418,0.416,1,10.0,0.869,0.273,100.0,-2.5,2.421,0,1,0,OFFBOARD
455,OUTBOUND,46.05,5.264,-2.388,1.897,-36.285,-1.173,-0.853,5.264,-2.588,36.285,0.418,0.416,1,10.0,0.869,0.273,100.0,-2.5,2.425,0,1,0,OFFBOARD
456,OUTBOUND,46.15,5.264,-2.388,1.897,-36.285,-1.173,-0.853,5.264,-2.588,36.285,0.418,0.416,1,10.0,0.869,0.273,100.0,-2.5,2.43,0,1,0,OFFBOARD
457,OUTBOUND,46.25,5.264,-2.388,1.897,-36.285,-1.173,-0.853,5.264,-2.588,36.285,0.418,0.416,1,10.0,0.869,0.273,100.0,-2.5,2.436,0,1,0,OFFBOARD
458,OUTBOUND,46.35,5.264,-2.388,1.897,-36.285,-1.173,-0.853,5.264,-2.588,36.285,0.418,0.416,1,10.0,0.869,0.273,100.0,-2.5,2.444,0,1,0,OFFBOARD
459,OUTBOUND,46.45,5.264,-2.388,1.897,-36.285,-1.173,-0.853,5.264,-2.588,36.285,0.418,0.416,1,10.0,0.869,0.273,100.0,-2.5,2.452,0,1,0,OFFBOARD
460,OUTBOUND,46.56,5.264,-2.388,1.897,-36.285,-1.173,-0.853,5.264,-2.588,36.285,0.418,0.416,1,10.0,0.869,0.273,100.0,-2.5,2.456,0,1,0,OFFBOARD
461,OUTBOUND,46.66,5.264,-2.388,1.897,-36.285,-1.173,-0.853,5.264,-2.588,36.285,0.418,0.416,1,10.0,0.869,0.273,100.0,-2.5,2.462,0,1,0,OFFBOARD
462,OUTBOUND,46.76,5.264,-2.388,1.897,-36.285,-1.173,-0.853,5.264,-2.588,36.285,0.418,0.416,1,10.0,0.869,0.273,100.0,-2.5,2.47,0,1,0,OFFBOARD
463,OUTBOUND,46.86,5.264,-2.388,1.897,-36.285,-1.173,-0.853,5.264,-2.588,36.285,0.418,0.416,1,10.0,0.869,0.273,100.0,-2.5,2.478,0,1,0,OFFBOARD
464,OUTBOUND,46.96,5.264,-2.388,1.897,-36.285,-1.173,-0.853,5.264,-2.588,36.285,0.418,0.416,1,10.0,0.869,0.273,100.0,-2.5,2.486,0,1,0,OFFBOARD
465,OUTBOUND,47.06,5.264,-2.388,1.897,-36.285,-1.173,-0.853,5.264,-2.588,36.285,0.418,0.416,1,10.0,0.869,0.273,100.0,-2.5,2.493,0,1,0,OFFBOARD
466,OUTBOUND,47.16,5.264,-2.388,1.897,-36.285,-1.173,-0.853,5.263,-2.588,36.285,0.418,0.416,1,10.0,0.869,0.273,100.0,-2.5,2.498,0,1,0,OFFBOARD
467,OUTBOUND,47.26,5.263,-2.388,1.897,-36.285,-1.173,-0.853,5.263,-2.588,36.285,0.418,0.416,1,10.0,0.869,0.273,100.0,-2.5,2.505,0,1,0,OFFBOARD
468,OUTBOUND,47.37,5.263,-2.388,1.897,-36.285,-1.173,-0.853,5.263,-2.588,36.285,0.418,0.416,1,10.0,0.869,0.273,100.0,-2.5,2.512,0,1,0,OFFBOARD
